time,post,hot ratio
2021-02-02 18:01:05,APES IN CONTROL,5.347397748504423
2021-02-02 16:43:13,Porn addict hasnâ€™t masturbated in 54 days and $GME is breaking his will,4.04329255111017
2021-02-02 17:06:14,WSB Headquarters,3.158056185048366
2021-02-02 17:20:21,THIS IS THE WAYğŸ’ğŸ’,2.1361356109347187
2021-02-02 17:18:10,'This is real' â€” Mark Cuban says Reddit traders won't go away just because they lost money,2.0332131135674296
2021-02-02 17:11:04,Don't be this guy - a glimpse into the future,1.7121520366020815
2021-02-02 17:41:40,"Bought 1 GME, it ain't much but it's honest work!",1.4754750030718016
2021-02-02 17:42:07,Our darkest hour...,1.2405814349063977
2021-02-02 17:34:34,Weâ€™re back boys!! AMC is finally open ğŸŒ•ğŸš€,1.046116825679385
2021-02-02 16:45:13,HEY MARK CUBAN !!!!,0.8985051440598846
2021-02-02 21:00:18,"What Are Your Moves Tomorrow, February 03, 2021",0.8095329040148141
2021-02-02 18:56:17,"Netflix is coming out with a movie/show on GME, lets give them a happy ending ğŸš€ğŸš€ğŸš€",0.6675263183159059
2021-02-02 21:03:26,This ride aint over. Volume today was still relatively low. The only real movement was this morning. Afternoon was completely dead. Tomorrow they can no longer short attack like they have been. Thursday they will be forced to start buying shares at market to cover FTDs. Squeeze aint squoze yet.,0.624779970330575
2021-02-02 18:36:50,"Down 400k, I WILL HOLD! ğŸ’ğŸ™Œ",0.5448670960241633
2021-02-02 18:09:14,Addressing GME FUD & current situation,0.5199160081341084
2021-02-02 21:00:55,"Daily Discussion Thread for February 02, 2021: Part 3",0.5055424671663461
2021-02-02 18:26:07,My friend got his boomer mom to buy some $GME. ğŸ’ğŸ¤² ANYONE CAN HOLD,0.48706620489001456
2021-02-02 20:53:36,$AMC $GME DO NOT SELL THIS IS WHAT THEY WANT! KEEP BUYING AT THE DIPS AND HOLD NO MATTER HOW LOW IT GETS! THEY WILL HAVE TO COVER EVENTUALLY AND THEN THE PRICE WILL ğŸš€ AS LONG WE HOLD THE PRICE WILL GO UP ğŸ’ğŸ™ŒğŸ’ğŸ™ŒğŸš€ğŸš€,0.4710944350674712
2021-02-02 18:46:20,Someone needs to check up on my mans over here,0.453303588502068
2021-02-02 20:59:06,Diamond hands appreciation thread. ğŸ’ğŸ‘,0.4138265829238164
2021-02-02 18:43:44,WE GOT THIS BOYS!!! BOUGHT THE DIP. GME TO THE ğŸš€ğŸš€ğŸš€ ğŸŒ•ğŸŒ•,0.4105602914231208
2021-02-02 18:51:30,"I bought the maximum allowed by robinhood (spent $12,198 for all 100). I am gonna HOLD with you fine folks.",0.4045777873674034
2021-02-02 21:02:46,"History, either way!",0.3871545056595334
2021-02-02 16:39:33,"How GME IS going to the moon(Yes, it's still possible) (Crucial pls read)",0.38495372224692775
2021-02-02 17:19:08,HOLD you ugly Apetards!,0.3815371474017262
2021-02-02 18:55:58,"â€œStop bitching u paper hand beta fucks! Get off your ass, steal some of your wifeâ€™s boyfriendâ€™s money, and fucking BUY THE DIPâ€ -Mark Cuban",0.3684133987868917
2021-02-02 21:02:04,I'm not leaving. I'm not F*CKING LEAVING!! ğŸ’ğŸ’ğŸ’ğŸ¤²,0.3631828239793539
2021-02-02 17:39:50,"Shout out to u/jacobtrail for snapping this photo of 1 of 5 billboards I put up in Spokane, Wa. My previous attempt to put up a billboard in Coeur dâ€™ Alene and Post Falls, ID were rejected by the sign owners.",0.35740481541841584
2021-02-02 18:19:15,"Diamond hands in Spokane Valley, WA ğŸš€ğŸš€ğŸš€ğŸŒš",0.3503815360235652
2021-02-02 20:56:50,FIRE SALE!!! ğŸ”¥ LIMIT IS 100 SHARES ON RH ğŸ’°,0.35015040936191255
2021-02-02 16:39:51,"""We've wired their brains to purchase Gamestop and hold"" -Papa Musk ğŸ¦ğŸ¦ğŸ¦ğŸ’ğŸ™Œ",0.33942638386540264
2021-02-02 20:53:33,GME holders are basically in the best situation. Hear me out.,0.33420252223330704
2021-02-02 20:53:35,its just that simple,0.3251721049443297
2021-02-02 20:46:20,"Come with me, and you'll be, in a world of pure imagination (and loss porn)",0.3191972885725709
2021-02-02 17:01:32,It is going to get worse before it gets better. ğŸ’ğŸ–ğŸ»,0.3157813777595658
2021-02-02 17:55:42,"Saw 1.8 mil profit and said nah. Iâ€™m not fucking selling. 10,000/share or bust. ğŸ’ ğŸ™Œ",0.2982182372102184
2021-02-02 20:24:27,GME On The NYSE SHO List - Naked Shorts Can Be Forced To Cover Starting Friday,0.2957172455612422
2021-02-02 19:07:24,Every reason why running a stop-loss order is bad right now.,0.2902736298491212
2021-02-02 21:03:25,Got BANGed pretty nice today! STILL HOLDING!!! ğŸš€ğŸ’ğŸš€ğŸ’ TO THE MOON?,0.2794331444117442
2021-02-02 20:55:12,"GME: the Big Wave is building up, can you feel it? ğŸŒŠğŸš€ğŸŒŠ",0.2783692699451949
2021-02-02 16:56:23,WSJ actively trying to stop people from buying GME. Just bought 25 more.,0.2633629482604293
2021-02-02 20:58:32,Some loss porn from today.. I ainâ€™t fucking selling ğŸ™ŒğŸ’ğŸŒ•ğŸš€ğŸš€ğŸš€ğŸ¦ğŸ¦ğŸ¦ğŸ¦,0.2524871148778941
2021-02-02 18:24:23,IM STILL HOLDING!! GME ğŸš€ğŸ’545 SHARES REPORTING FOR DUTY !,0.24979829326905992
2021-02-02 21:03:12,LOSS PORN MAKE MY DIAMOND HANDS STRONGER! I should be sad but.... I'M SO STOKED TO BUY MORE IN THE MORNING. YOLO.,0.23842189285843932
2021-02-02 21:01:00,Just got my GME! I have lost more then half my investment and almost they almost wouldnâ€™t let me buy gme. When they asked why I was buying the stocks because I like the stocks was good enough!,0.23713620615447398
2021-02-02 20:21:21,"Mark Cuban shares a peek into his investing philosophy: Hold, hold, hold!",0.2316199247434286
2021-02-02 20:58:03,NOT FUCKING SELLING. HOLD. WE WILL NOT BE BEATEN,0.22983105638458587
2021-02-02 18:40:57,ğŸ¦ğŸš€ğŸš€ğŸš€ğŸ’ğŸ’ğŸ’âœŠâœŠâœŠğŸ’ğŸ’ğŸ’ğŸš€ğŸš€ğŸš€ğŸ¦,0.22885153648074907
2021-02-02 17:40:29,Their problem is they expect us to behave logically,0.22729696603521807
2021-02-02 16:41:34,"ROBINHOOD OPENED GME! Just bought 20 more shares. Already held 70, 90 total now. ğŸ’ ğŸ™ŒğŸ¼",0.2183535236084461
2021-02-02 18:29:38,By time I've lost this much why bother selling?? Nor would I in the first place. ğŸ˜ğŸ¦ğŸ¦ğŸ¦ğŸ¦ğŸ’âœ‹ğŸ’âœ‹ğŸš€ğŸš€ğŸš€ğŸš€ğŸš€ğŸš€,0.21727447981272852
2021-02-02 21:03:58,ğŸ’ ğŸ™Œ,0.21707161350255966
2021-02-02 19:45:02,Explaining short ladders with Pokemon Cards,0.21604597148770488
2021-02-02 21:03:03,"since I posted my $GME loss, hereâ€™s my $AMC buy the dips, donâ€™t panic and sell unless you PUSSY then do it",0.2132215750868683
2021-02-02 20:56:23,Because mama didnâ€™t raise no hedge fund loving bitch,0.2127733067152586
2021-02-02 21:01:36,I bought the dip,0.21155849252289904
2021-02-02 17:31:12,$BB a phone company?,0.2057140213503472
2021-02-02 21:00:32,"If I can hold, you can hold. This doesn't include my 2 other brokerages.",0.20259434238606594
2021-02-02 20:58:59,Stop fucking selling!!!! Youâ€™re fucking it up for everyone,0.1947209073555733
2021-02-02 20:44:38,"DOWN 22K AND STILL HOLDING. REMEMBER IF WE EACH BOUGHT 6 GME @ 8.3M AUTISTS, TOO THE FUCKING MOON. ğŸ’ğŸ‘ğŸš€ğŸš€ğŸš€ğŸš€ğŸš€",0.19052875488400575
2021-02-02 20:58:21,New Retard Reporting for Duty,0.1901582605496103
2021-02-02 21:04:50,I Got Scared So bought the Dip!!!,0.18995050841869818
2021-02-02 20:55:56,My Rant About Not Giving Up,0.18930423346104272
2021-02-02 19:06:45,"Did my research, avoided hype stocks, and put $30k into SAVA on a whim yesterday.",0.18914748289823952
2021-02-02 20:40:51,"Bought GME, AMC and NOK this week. Lets get diamond paws here a new collar. She loves watching the stonks.",0.18592812687516252
2021-02-02 20:57:35,"I know itâ€™s nothing compared to most of you but I want to give the little guy some encouragement. This was at the worst today, and Iâ€™m sure it will look fuck ugly in after hours today/tomorrow, but we arenâ€™t selling. Iâ€™m buying more tomorrow with my entire paycheck, this is not financial advice",0.18535429687056745
2021-02-02 21:00:17,Still holding ğŸ’ğŸ¤²ğŸ’ğŸš€ğŸš€ğŸš€ğŸš€ğŸš€,0.18298138474121106
2021-02-02 20:50:38,My Buddy is down about 500k from last week.. and I'm down 8k myself.. But still holding strong with ğŸ’ ğŸ™Œ's WE LOVE THE STOCK! GME to the MOON! OBLIGATORY:ğŸš€ğŸš€ğŸš€ğŸš€ğŸš€'s,0.17899077849344838
2021-02-02 21:02:41,still holding,0.17677296550133537
2021-02-02 20:04:47,Cash App allowing purchases of AMC again. Get them while theyâ€™re cheap! ğŸš€ğŸš€ğŸš€ğŸš€,0.1764763563009854
2021-02-02 20:15:53,"buy sell chart. GME, AMC.",0.1691674297718071
2021-02-02 17:25:22,Dont buy Silver. Stay with GME.,0.1688854298870136
2021-02-02 20:30:03,I just wanted to reassure everybody in these tough times that the early boys are still in and will be for some time to come. Just bought 2 GME @100 ğŸ’ğŸ¤š,0.16772504622337517
2021-02-02 16:42:24,"Short attacks happening at the exact same time. Blue = GME, Orange = AMC, Teal = BB",0.16306868561384721
2021-02-02 18:41:57,"To everyone who is panicking, the following words are for you:",0.1562593686831382
2021-02-02 20:04:45,Paper Portnoy: A three act play,0.15553688212532987
2021-02-02 17:18:13,Listen here ğŸ§»ğŸ™Œ commit to $0 or gtfo and let us buy your shares,0.15363468620849877
2021-02-02 17:37:08,GME/AMC Identical patterns today.,0.15350573574288015
2021-02-02 19:33:44,Robinshit now allowing purchase of up to 100 shares and 100 contracts of GME,0.15152927414256773
2021-02-02 20:55:32,WSBers: WE DO WHAT WE SAY,0.14966661198269415
2021-02-02 20:34:39,Holding $GME - This is the way,0.14939335827787018
2021-02-02 20:44:37,Tonight we dine in hell. #GME Ready to fall if I have 300 Spartans with me.,0.1481615639630257
2021-02-02 21:03:20,Billionaires Elon Musk and Chamath Palihapitiya are the heroes of the GameStop revolution,0.14545277632780762
2021-02-02 21:04:40,2nd day of losing,0.14297603720051452
2021-02-02 20:41:13,"HOLD ON ğŸš€ GME , AMC, BB",0.1428683811509277
2021-02-02 20:20:38,"I donâ€™t know which of you apes this was, but youâ€™re smooth brained and hell and I love it ğŸ¦ $AMC ğŸš€ğŸš€ğŸš€ğŸš€ğŸ’âœ‹",0.1423511656808324
2021-02-02 20:59:23,"Market are this tards lunch today, but for some reason I could only find the buy button...",0.14227886259800301
2021-02-02 20:56:18,ENABLE YOUR AFTER HOURS TRADING,0.14024213139344263
2021-02-02 21:00:17,Follow me to the MOON! ğŸŒğŸš€,0.1390658524033204
2021-02-02 16:32:25,"In 26 hours, I've lost more than half my retirement. GME & AMC",0.13718097130666618
2021-02-02 21:00:17,"Retard is down 60% at closing - will hold till Christmas, or longer if need be",0.13174659701367197
2021-02-02 20:55:43,"Liked stonk @ 350, Love stonk @ 98 ğŸš€ğŸš€ğŸ’ğŸ™Œ",0.12867796734597592
2021-02-02 20:58:40,Late to the Party but I'll Forge These ğŸ’ğŸ™Œ or Hold Trying,0.12823604663514737
2021-02-02 17:11:54,"Am I HOLDING!? YES! Did I buy more!? FUCK YEAH!!! They can delay the squeeze as long as they want, they donâ€™t know how hard our diamond hands are! HOLD FELLOW AUTIST... HOLD! ğŸ¦ ğŸ¦ ğŸ¦â€™s together strong! ğŸ’ âœ‹ to the fucking ğŸŒš ğŸš€ ğŸš€",0.12789737364447312
2021-02-02 18:56:56,Ok listen up retards,0.1270023716347353
2021-02-02 19:11:49,Each $GME share is basically a blank check,0.12590566504436365
2021-02-02 20:05:16,Backup is on the way bois! From 1 at $350 to 45 at $109!!!,0.12395989030567138
2021-02-02 20:27:24,Holding if you are! ğŸ’ ğŸ’ª,0.12170158492147261
2021-02-02 21:03:41,ğŸ’ğŸ™Œ,0.12143128070745264
2021-02-02 20:25:19,German reporting off-duty! Continue to HOLD my 61% loss tomorrow 151@209â‚¬; stay strong comrades all over the world!,0.12081928589121067
2021-02-02 20:07:26,My brother got caught in the GME hype and bought all the memestocks. He almost timed the peaks perfectly,0.11728967817760168
2021-02-02 20:33:40,"Down $22k, decided to buy more at $100 to complete my 69 shares.",0.11709731641234922
2021-02-02 20:21:12,The DaVinci code in the Popeâ€™s words...I believe he said â€œHOLD!â€,0.11615760405395122
2021-02-02 17:35:16,Why Iâ€™m holding $GME,0.11572764901350781
2021-02-02 18:35:44,"Let it be known, /u/goku2057 has diamond hands. Iâ€™ll watch this thing drop to zero.",0.11472135017066834
2021-02-02 16:45:10,"THIS ISNâ€™T OVER, WE MIGHT BE BLEEDING, BUT SO ARE THEY",0.11452656358015918
2021-02-02 20:57:21,An honest discussion on why DFV hasn't sold...,0.11435832632073005
2021-02-02 21:05:02,I know i know fuck robinhood but my fidelity account hasn't verified yet. Couldn't help but buy the dip,0.1121096347413383
2021-02-02 18:55:56,"Dave Portnoy tries to stay calm and hold, quickly goes paper hands days later",0.1116775062278037
2021-02-02 20:39:41,Their next tactic,0.10997171506816815
2021-02-02 20:30:33,"The Short Squeeze is still in play, here's why",0.10802789671321461
2021-02-02 19:33:31,"Down from a high of 170k. Im still in. Itâ€™s funny, I freaked out when I broke 6 figures. The ride down though is nothing. Guess Iâ€™m just used to losing money. ğŸ’ ğŸ¤š ğŸ¦§ â¤ï¸ ğŸŒ",0.10648379925881073
2021-02-02 21:05:42,"Down $10k between GME & AMC. Looks like itâ€™s time to take the other stocks to the wood chipper and go balls deep into this dip. DIAMOND HANDS GANG FOR LIFE, STAY STRONG MY FELLOW RETARDS ğŸ”¥ğŸ’ğŸ’",0.10603484419965459
2021-02-02 21:04:35,guh,0.10534788014546963
2021-02-02 20:48:21,Averaged down from 304 to 187 today! Got the dip ğŸ’ ğŸ™Œ HOLDING!!!,0.10480711516759028
2021-02-02 20:37:30,"Deep-source volcanoes start three times as deep as typical volcanoes. The extreme heat and pressure combine to restructure graphiteâ€™s molecular composition from a hexagonal sheet pattern into a triangular shape, resulting in a diamond. ğŸ’ğŸ’ğŸ’ğŸ¤šğŸ¤šğŸ¤šğŸš€ğŸš€ğŸš€",0.10017571498808789
2021-02-02 20:51:58,My boss just got in at $97 for $9700. He's holding.,0.10012347541038262
2021-02-02 21:05:27,It aint much but I'm still HOLDING THE FUCKING LINE ğŸš€ğŸš€ğŸš€ğŸš€ğŸš€ğŸš€ğŸš€,0.10012239015375446
2021-02-02 20:54:52,"Bought in and $324 and every dip I could after that... no more tendies to spendies, so now we ğŸ’ğŸ‘ğŸ’ I LOVE THIS STOCK!!!",0.09933624886671749
2021-02-02 19:18:23,Can't stop. Won't stop. GameStop. HOLD STOCK!,0.09932742824015929
2021-02-02 20:55:51,Was at 5k at one point. Weâ€™re gonna screw over these hedge funds guys just hold with diamond hands ğŸ’ğŸ¤²Buy at the dip itâ€™s a fat discount and strap in because weâ€™re going to the mf moonğŸš€,0.09913035169830711
2021-02-02 20:52:08,Still holding... Got no other option at this point. GME & AMC,0.09789985242620243
2021-02-02 20:55:18,Don't let robinhood get away with it,0.0973369513706983
2021-02-02 20:31:50,GameStop is a FUCKING BRAND NOW. It is ours and no fucking hedgies can take it from us.,0.0968407358829354
2021-02-02 16:48:22,Just bought 100 shares of GME. Buy the dip and HOLD ğŸš€ğŸš€ğŸš€,0.0957173398093158
2021-02-02 19:40:38,"THIS IS A MARATHON NOT A SPRINT. We've seen every textbook play, we have watched huge gains evaporate, but we are through the door. Trust your instincts and enjoy the ride. Love and respect.",0.09520363032250935
2021-02-02 20:32:51,TRYING TIMES ğŸ’ğŸ™ŒğŸ»,0.09484999733230161
2021-02-02 17:09:32,As a nobody I just wanted to say,0.09421336490304581
2021-02-02 20:26:17,"Bought the dip because I aint no ğŸ§»ğŸ™ŒğŸŒˆğŸ» Rent money all gone, but no one in history got famous paying their rent.",0.09306586792745479
2021-02-02 19:26:03,Guys I gave in to the media manipulation and BOUGHT MORE AT 104. 68 shares ğŸ’ª,0.09284487951987487
2021-02-02 20:24:27,Damn I just keep buying more since itâ€™s this low...think of it as 1 share going from $100 to $1000...,0.09258254583621452
2021-02-02 20:39:09,Just lumped my $20k savings on $GME - HOLD TO THE MOON âœ‹ğŸ’ğŸ¤šğŸš€ğŸš€,0.09237860095970003
2021-02-02 18:35:43,Came for the tendies...STAYED for the REVOLUTION!!!,0.09214126633624652
2021-02-02 19:35:58,Down 25K overall and still holding. Iâ€™ll watch it go down to 0 if I have to,0.08959790683796238
2021-02-02 16:52:00,"love this sub, like the stock, we better hold ğŸ’ğŸ™Œ, we can't miss this once in a lifetime opportunity and shot ğŸš€ğŸš€ğŸš€ğŸš€ğŸš€",0.08577843376248463
2021-02-02 19:06:04,Whew can't say it's been easy but fully believe in the squeeze. We can stay autistic longer than you can stay solventğŸ’ğŸ’ğŸ™ŒğŸ™Œ didn't sell at $$80 and won't sell at anything below $$42069 ğŸš€ğŸš€ğŸš€ğŸš€ it's always darkest before dawn,0.08522792486683817
2021-02-02 20:50:12,This makes me feel sick but I refuse to sell. I wish I had more $ to put in at the low price right now.,0.0847392695313812
2021-02-02 20:55:27,Bought the dip!!!,0.08430043561579374
2021-02-02 17:30:31,NO MORE SHORTS,0.0831802222218807
2021-02-02 20:52:39,"Just bought 20 more shares 30 mins before closing, Broke 19-year-old autistic child, NOT SELLING TILL 100K ğŸ’ğŸ™ŒğŸ½ğŸ’",0.08296099216216594
2021-02-02 20:34:44,ğŸš€ I believe,0.08286676771935819
2021-02-02 19:57:42,Just a reminder: the current price of $GME is still higher than 1 week ago!,0.08259546134791709
2021-02-02 18:43:22,I got scared.... so I bought more.ğŸ’ğŸ™Œ,0.08220406361384383
2021-02-02 20:40:54,"Dumb fucking ğŸ¦ here. Why arenâ€™t I allowed to sell my shares for $69,420?? Thatâ€™s all Iâ€™ll accept, and I guess Iâ€™ll just wait until they let me sell it that high. ğŸ’ğŸ™ŒğŸ’",0.0813794964233068
2021-02-02 20:35:05,ğŸ’ğŸ™ŒğŸ’HOLDğŸ’ğŸ™ŒğŸ’,0.08117061516134372
2021-02-02 17:48:53,"Not too sure why everyone is scared? Iâ€™m kinda happy it dipped today, I can buy thousands more shares before it flies ğŸ¤£ We are actually so fucking lucky to have this opportunity! ğŸš€ğŸ¿ğŸŒˆğŸ» #AMC #GME",0.08113417839970179
2021-02-02 20:50:16,Iâ€™ve seen worse. Bring it on Wall Street Butt Lickers. I like my stonks!!! ğŸš€,0.08111762201997254
2021-02-02 20:51:09,Choke me harder daddy,0.0803860401181869
2021-02-02 20:43:32,Iâ€™d rather watch it go to ZERO -HOLDING- ref trow the flag,0.07986555675551518
2021-02-02 18:06:58,You Son of a bitch. Iâ€™m in.,0.07854654469167384
2021-02-02 21:00:32,"Mr. Cuban's pick for ""Broker""?",0.07850530767460055
2021-02-02 20:42:34,Finally able to buy AMC shares again. BUY THE DIP,0.0773994985449819
2021-02-02 17:59:37,ROBINHOOD FREEZES STOCK AS SOON AS SHORT LADDER ATTACKS FAIL,0.07715639392351265
2021-02-02 20:14:57,WSB feels very quiet these past few days,0.07636080970826535
2021-02-02 20:45:39,AINâ€™T SELLING. Will never be a ğŸ§»ğŸ‘ğŸŒˆğŸ»,0.07609417841127014
2021-02-02 20:51:31,YOLOâ€™d at the top. Still holding strong... *Autistic screeches into pillow*,0.0758646086869531
2021-02-02 20:17:35,Went all in on gme today and bought 20 more shares of it ğŸ™ŒğŸ’ğŸ™ŒğŸ’ğŸ™ŒğŸ’ğŸ™ŒğŸ’,0.07570970888154499
2021-02-02 20:28:46,HOLD ğŸ¦ğŸš€ ğŸ’ ğŸ™Œ,0.07562331344412278
2021-02-02 16:35:30,"Lost over 200k$ over the course of 2 days, but I like the stock ğŸ”¹ ğŸ‘",0.07492232671939181
2021-02-02 20:43:17,Holding because Iâ€™m a retarded ape and I like these stonks!,0.07483157164474039
2021-02-02 19:41:08,CNBC is now trying to convince boomer parents to pull the plug on teen investments LOL FUD,0.07424095275332517
2021-02-02 20:17:39,Canâ€™t have a loss if you donâ€™t sell,0.07379010112602986
2021-02-02 18:13:16,"Bought $10,000 GME at open yesterday. My only regret is that I didn't buy $1k an hour instead.",0.07372342172285784
2021-02-02 20:54:58,ok i am in with 40,0.0727145249150016
2021-02-02 17:33:16,Which of you retards misinterpreted what SQUEEZE meant,0.07248140130666976
2021-02-02 16:37:31,saw the dip and made my first ever purchase. NOT SELLING ğŸ’ğŸ§¤,0.07232992344517455
2021-02-02 20:47:17,"Deposit went through, reloading while on sale ğŸ’âœ‹ğŸ¦ğŸŒğŸŒğŸŒğŸŒ",0.0722763320152084
2021-02-02 20:46:35,GME & AMC to the moon you said,0.0722474282182485
2021-02-02 20:49:21,GME UPDATE - 2nd of February After Market all the way from Europe ğŸ‡ªğŸ‡ºğŸ™ŒğŸ¼ğŸ’ DIAMOND HANDS.,0.072240929428205
2021-02-02 20:05:39,"Bought the dips. 65 $gme @ 175 avg, 650 $AMC, 17,000 $SNDL and 1000 $NAKD. ğŸ’ğŸ™Œ holding till ğŸŒ™",0.07212820417322942
2021-02-02 18:52:29,Greetings from Norway!ğŸ‡³ğŸ‡´ Fellow retard here! Bought today right as the markets opened at 150$ Watched my money decrease by 50% in an hourğŸ’ğŸ¤ŒğŸ‡³ğŸ‡´ğŸ’ğŸ¤ŒğŸ‡³ğŸ‡´ğŸ’ğŸ¤ŒğŸ‡³ğŸ‡´ğŸ’ğŸ¤Œ,0.07006790853419308
2021-02-02 20:44:22,Can't get a good ape down. Brutal day and probably going to be loss porn but I still hold,0.06960330281725745
2021-02-02 16:34:26,Its true mark C has our back!<3<3<3 fuck the boomers and old money manipulators!,0.06943392748860241
2021-02-02 20:53:09,"Here ya filthy animals, this is what ğŸ§»ğŸ¤š gets us all. Bought the dip ğŸš€ğŸš€ğŸš€ğŸ’ğŸ™Œ",0.06922250811098402
2021-02-02 20:46:24,Hold! ğŸ’ğŸ™ŒğŸš€ğŸš€ğŸŒšğŸŒšğŸŒš,0.06919425449981322
2021-02-02 17:34:57,NYSE has halted shorts for GME. These short sale holders are selling to each other to stop further losses.,0.06865737570423505
2021-02-02 20:48:06,Cost averaging down. Buying the dip!!!,0.06749189329159398
2021-02-02 18:17:51,Inspired to GO ALL IN last week. Down nearly 100k. STILL HOLDING! ğŸ’ğŸ’ğŸ’ğŸ‘,0.06725169563645302
2021-02-02 20:40:32,220 more shares at $102 this morning. Buy that French Onion DIP retards!,0.06708978124847279
2021-02-02 19:52:25,"Finally, some good news!",0.06693622987976602
2021-02-02 20:31:12,Support from Europe!!! Diamond hands ğŸš€ğŸš€ğŸš€ğŸš€ğŸ’ğŸ’ğŸ’ğŸ’ğŸ’ğŸ™ğŸ™ğŸ™,0.06682513630671583
2021-02-02 18:21:21,Man up! Taken from other dude,0.06676132726130306
2021-02-02 20:21:07,Bought 100 GME Shares - I wish PS5's were 55% off too!,0.06666961946757598
2021-02-02 20:48:45,I just keep buying little bits at every dip. ğŸ¤·â€â™€ï¸,0.06625054310561478
2021-02-02 20:52:35,IM RETARDED ENOUGHT TO FOLLOW A GROUP OF AUTISTS,0.06537613717262743
2021-02-02 19:51:12,We had a GREAT day!,0.06498527855889392
2021-02-02 20:28:30,"Iâ€™m just an Ape, and this isnâ€™t financial advice, but I believe in #$GME and bought the dip. ğŸ’ğŸ™ŒğŸ’ ğŸš€ğŸš€ğŸš€ğŸš€ğŸš€",0.06474230217272177
2021-02-02 19:17:15,"GME... Iâ€™m holding this til the grave, itâ€™s going in my will too donâ€™t sell son ğŸ’",0.06462498479873434
2021-02-02 20:27:18,"Three things that are key to making money in any trade, according to Michael Markus, a day trader who took 30k and made 80 million in the market.",0.06446541661262244
2021-02-02 17:50:56,The psychology of having Diamond Hands,0.0642263062661266
2021-02-02 20:44:14,This makes my dick hard,0.06409893334919282
2021-02-02 17:06:15,u/DeepFuckingValue Movie Coming,0.06386713307175823
2021-02-02 21:01:06,YOLO (DAY 2 market close),0.06373349256720774
2021-02-02 19:37:01,We're so close to the moon... don't give in now ğŸ’âœ‹ğŸ¼,0.06326447160254983
2021-02-02 20:33:20,Thanks to the DIP I got another 22 stocks today LET'S GO TO THE MOON!,0.06216457771670359
2021-02-02 20:33:16,More than just diamond paper hand bullshit.,0.06154974095213097
2021-02-02 20:41:38,"Holding. Cuz IDGAF about money, itâ€™s about the principal! Fuck the Hedgies! We still made 50 billion off them, but we need to demand change. Tax all stock transactions to pay for American taxes and welfare! Break up huge conglomerates that manipulate stock",0.06148300570047389
2021-02-02 18:24:10,We Are Not Afraid!,0.061164720958241256
2021-02-02 17:16:07,Down 40k and aint even flinching. HOLD. THE. FREAKING. LINE!!!! ğŸ’ğŸ’ğŸ’ğŸ’ğŸ¤²ğŸ¤²ğŸ¤²ğŸ¤²ğŸš€ğŸš€ğŸš€ğŸš€ğŸ¦ğŸ¦ğŸ¦ğŸ¦ğŸ’ªğŸ’ªğŸ’ª,0.06082304726135255
2021-02-02 20:45:59,"Putting in what I can, making the most of todays â€˜discountâ€™ ğŸ˜‰",0.06073140681401285
2021-02-02 20:54:29,Thanks for the sale i can't fucking read but the pretty letters say ğŸš€ğŸš€ğŸš€ğŸš€,0.06069580407397099
2021-02-02 20:42:40,Holding strong apes,0.060673085692544454
2021-02-02 20:41:46,Well time for me to go get a job. Gme was supposed to pay my mortgage for the year but still ğŸ’ âœ‹,0.06049138362893079
2021-02-02 20:46:58,TO THE MOON WE RIDE,0.06038658535070741
2021-02-02 20:26:24,Supporting the cause in my little way. Good luck fellas,0.06017493074753646
2021-02-02 20:49:01,"LOVE the dip, to the moon and beyond ğŸš€ğŸš€ğŸš€",0.059859408146019616
2021-02-02 18:15:06,"Mexico reporting in, still holding ğŸ’",0.0597817370169573
2021-02-02 20:41:42,Not much but Iâ€™m in. Buy the dip,0.05967691471375802
2021-02-02 17:00:00,"It ain't much, but I'm with you boys",0.05908189264198149
2021-02-02 20:23:01,Bought 10 more shares for under $100!!! Hold strong men were going to the mooon!!!ğŸŒ•ğŸš€ğŸš€ğŸ™ŒğŸ™ŒğŸ’ğŸ’,0.05895963993137636
2021-02-02 20:47:49,Went in for the first time after joining today. Not much but Big diamond hands to comeğŸ’ğŸ‘,0.058728133816052255
2021-02-02 18:57:04,HOLD. THEY CAN TAKE MY MONEY BUT THEY CANT TAKE MY VIRGINITY.,0.05856813525575773
2021-02-02 19:23:34,Watching Avengers Endgame and holding strong...they had to wait 5 years to beat Thanos so ğŸ’âœ‹here.,0.05826607475883443
2021-02-02 20:23:35,RH lifted restrictions. Just buy more. Itâ€™s that simple. But this isnâ€™t financial advice and Iâ€™m also autistic af,0.05819567912382757
2021-02-02 19:01:20,Still HOLDING! Can feel my penis shrinking but I have my bananas ğŸŒ ğŸŒ ğŸŒ ğŸ¦ Not selling til ğŸš€ From my cold dead diamond hands âœ‹ ğŸ’ ğŸ¤š the U.K. is with you ğŸ‡¬ğŸ‡§,0.058169750987407995
2021-02-02 18:12:25,"10,000 shares at $200 ... not fucking selling âœ‹ğŸ½ğŸ’ğŸš€",0.058100276875540445
2021-02-02 20:20:11,"BUY THE DIP ğŸ’ğŸ¤²ğŸ’ WE GOING TO THE MOON FELLOW APES ğŸš€ I WONT SELL UNTIL MY SHARES ARE WORTH $293,800,000",0.05717577741409746
2021-02-02 20:20:56,Still ğŸ’ğŸ‘-ing but... ow,0.05629984919673663
2021-02-02 20:40:37,"This is a new game now, but the game is still on!",0.055979146491373734
2021-02-02 20:40:18,$GME: A small contribution from France âœ‹ğŸ’,0.05593961347964413
2021-02-02 18:36:19,I'LL SEE YOU RETARDS IN THE DIAMOND MINES OF MARS. WE'RE NOT FUCKING SELLING.,0.0559247166520503
2021-02-02 18:20:06,Iâ€™ve been slowly buying AMC and BB. Trying to help with holding the line yâ€™all.,0.055683744817006595
2021-02-02 20:11:36,Itâ€™ll all be gain as long as everyone holds! ğŸ’ğŸ™ŒğŸš€ğŸŒ™,0.055540915446317375
2021-02-02 19:44:55,You Have One Job,0.0545431199068561
2021-02-02 16:29:17,Gme moon ğŸš€ğŸš€ğŸš€âœ‹ğŸ’ Cuban live on cnbc,0.054289540274919154
2021-02-02 20:39:31,Amc and Gme Identical Pattern!!!!!!!!!,0.05314401953733386
2021-02-02 17:34:36,$GME - At this point you have 3 options,0.05270225412533769
2021-02-02 20:14:35,Why does fidelity keep letting me transfer this much funds when I only have $100 where Iâ€™m transferring from?,0.0526670171461908
2021-02-02 16:35:55,"Bought A Bunch Of $GME At 365 Like A Retard, Bought The Tip At 80 To Cover My Lost ğŸ˜",0.052606098242258696
2021-02-02 20:39:56,"ğŸ’ğŸ‘‹ loss porn from London, UK. Big sale, ğŸ¦ buy stonks. Yolo is worth it to ğŸ–•Wall Street wanker bankers. The level of psyche warfare and game rigging from the other side is ğŸ¤¢ğŸ¤®.... We arenâ€™t going anywhere, you wonâ€™t break us. buy and hold... hold and buy. ğŸ’ğŸ‘‹ğŸš€ğŸš€ğŸš€ğŸŒ•",0.05211917294667122
2021-02-02 16:30:53,"I didnâ€™t lose money, I paid to be on the right side of history.",0.052069890494250454
2021-02-02 20:14:54,"18 still in high school, holding till I reach Valhalla",0.05107125533929238
2021-02-02 20:21:14,"Canâ€™t stop, wonâ€™t stop! 2 more shares bought below 100! Hitching a ride with my pennies!ğŸš€ğŸš€ğŸ¦",0.04903959121913442
2021-02-02 20:49:07,Letâ€™s kill them hedgies,0.048153598446332484
2021-02-02 17:37:45,THIS IS THE WAYğŸ’ğŸ’ We finna be feasting on our tendies on the moonğŸš€,0.048002377633873966
2021-02-02 20:25:46,"Posting to get some words of affirmation from my fellow monkeys, the diamond hands are hurting the chest I might have to go to the doctor",0.047966893792487204
2021-02-02 20:19:46,The only thing you should be worried about during these dips is buying moreeeee ğŸš€ GME to the moon ğŸš€,0.04681651632396829
2021-02-02 20:25:48,I'm in boissss,0.046795369217975065
2021-02-02 20:11:12,No loss until you sell - Hold baby hold!,0.04649945875383138
2021-02-02 20:03:41,The Unsocial Network (2021),0.04624425983275079
2021-02-02 18:54:01,I been taking losses for years. You think today is gonna change anything? THINK AGAIN ğŸ™ŒğŸ¼ğŸ’,0.04595612543222437
2021-02-02 20:18:24,"Buying the dip, every dip until they start accepting my sell price.",0.0458452289242882
2021-02-02 20:06:06,AUTISTIC APES HOLD: I've gained $1.11 so far to fuel this rocket to outer fucking space! ğŸ’ğŸ‘ğŸš€ğŸ’ğŸ‘ğŸ’,0.045617475090123455
2021-02-02 19:15:48,"If you're worried, just want you to know that WE GOT YOU. â¤ï¸I joined late af, but I'm holding & buying as much as I can as quickly I can & TRANSFERRING TF off RH. Not loaded & still waiting on deposits, but just wanted to add my own personal proof that peeps are holding on. HOLD, BUY OR DIE âœŠğŸ’ğŸ’ğŸ’",0.04551662883327456
2021-02-02 20:33:03,"They're making movies about us, They will fuck it up, let us tell our own story.",0.0455017427386284
2021-02-02 20:32:35,FINRA Data - Past Couple Days - GME,0.045369472002369585
2021-02-02 20:40:49,I don't have much but I'm in! Seeing red but I'm holding!,0.044997148590553614
2021-02-02 20:42:38,Today Hurts - Hope this helps y'all get off,0.044932261772698254
2021-02-02 18:47:17,"Canâ€™t afford to hold the stock, STILL HOLDING! HODOR!!!",0.044815909215863405
2021-02-02 18:28:11,Buy the dips and hold. $Bang gang until we reach Saturn. ğŸ¦ ğŸ’ âœ‹,0.04477825856949019
2021-02-02 20:22:26,"MONKE IS STRESS, but monke ğŸ’ğŸ™Œ I know it's not a huge amount but it's what I got spare and am looking to buy more. WE GOTTA HOLD YOU SMOOTH BRAIN AUTISTS ğŸ§ ğŸ‡¦ğŸ‡º",0.044761459032105155
2021-02-02 18:06:10,From Lebanon we are with you fellow free Americans!!,0.044672143386486216
2021-02-02 19:22:00,"It ainâ€™t much, but itâ€™s honest work.",0.0445545340685673
2021-02-02 19:29:38,c o u l d n ' t h e l p b u t n o t i c e F i d e l i t y i s o b v i o u s l y c h e e r i n g u s o n ğŸš€ğŸš€,0.04428199915466541
2021-02-02 19:22:50,"Hold strong or buy, you paper handed bitches. I slipped up this morning on the dip and bought 42 more shares. To the fucking moon ğŸš€ğŸš€ğŸš€ğŸš€ğŸš€ğŸš€",0.04411145792050261
2021-02-02 20:51:57,"if this retard can diamond hand spy puts -200K, WHY WOULD I SELL MY GME ğŸš€ğŸªğŸ’",0.04396194937646064
2021-02-02 19:25:55,ğŸ’ğŸ™Œ canâ€™t make up these gains,0.04380852357999448
2021-02-02 18:39:05,Last week I thought I was one of you. This week I know I'm one of you. HOLD,0.043797045009522605
2021-02-02 20:34:20,Found my chance to buy the dip!,0.04372412041699947
2021-02-02 20:23:48,LITTLE GUYS GO OFF,0.04348030590851095
2021-02-02 16:47:23,I blacked out and woke up with more GME,0.043313994784795806
2021-02-02 18:13:56,So I just sold a GME share on etrade for $3200?,0.04330721719735943
2021-02-02 19:41:51,"Down 4k on GME, but at least Iâ€™m sending those hedge funds a message ğŸ–•",0.04319884297303319
2021-02-02 20:51:36,Mess it up target $bb while they focus elsewhere under $12 ğŸ™ŒğŸ‘ŒğŸ‘ŒğŸ‘Œ,0.042970196240748645
2021-02-02 19:13:19,Down -60% but HOLDING! .. 1000 or 0! ğŸš€ğŸš€ğŸ¦ğŸ™ŒğŸ»ğŸ’,0.042765850574225495
2021-02-02 20:32:19,Everyone knows the red flavour tastes the best! ğŸ¬ğŸ­ğŸ’ğŸ‘ğŸ»,0.042627016642565345
2021-02-02 18:10:04,Game(stop) Theory,0.041984856655529576
2021-02-02 19:12:33,18 year old retard holding strong. 95% of my net worth is in gme rn. But Iâ€™m still holding because diamond fucking hands. Lol at this rate who knows where I will be in 10 years,0.041170356806340784
2021-02-02 20:45:36,GME apes: look out for man in gorilla suit,0.04105733452430781
2021-02-02 17:37:45,Hedge funds are getting crushed by the worst short squeeze in a quarter century,0.040599025859495395
2021-02-02 19:21:01,"I trade for a living. I had 20k to gamble with. I like to play. If you canâ€™t afford it. Donâ€™t do it ğŸ˜—then cry, you canâ€™t complain about losing at a casino. Just a little loss porn for my diamond ğŸ’ handedğŸ™ŒğŸ» perverts GME TO THE MOON fuckfaceğŸŒ™ğŸ“¶ğŸ“¶ğŸ“¶ğŸ“ˆğŸ“ˆğŸ“ˆ",0.04052858219225715
2021-02-02 18:15:17,"Media telling me Iâ€™m a retard and Iâ€™ve missed my chance to sell, so just ignored them and bought more. Not all in like some of you retards (yet!) but now up to 15 gme and 110 amc and taking them all the way to Jupiter ğŸš€ğŸš€ğŸš€ğŸš€ğŸš€ğŸš€ğŸš€",0.04044664832398336
2021-02-02 19:45:36,Day 3 of short ladder attacks. They canâ€™t fight these ğŸ’ğŸ‘ğŸ¼. IM NEVER FUCKING SELLINGğŸš€ğŸš€ğŸš€ğŸš€,0.04007460616267276
2021-02-02 20:13:50,"Another first time poster here retards! NZ market back open for GME so throwing in all I have for a good cause, also bought in at $335 ğŸ’ğŸ’ğŸ’ğŸ™ŒğŸ™ŒğŸ™ŒğŸ’ğŸ’ğŸ’",0.03972626091952477
2021-02-02 20:23:45,Bullish Trend Buy Now and hold !! VW short lasted like 2 or 3 months !!!,0.03920245662167513
2021-02-02 17:56:08,Still holding here in Norway. Diamonds are forged under pressure.,0.039183592793758104
2021-02-02 20:38:53,Woof ğŸ’ğŸ™ŒğŸ» P.S. FUCK ROBINHOOD,0.03896385062707926
2021-02-02 20:16:40,"Iâ€™m a simple man. I like a stock, I hold the stock ğŸ’ğŸ™ğŸš€ğŸš€ğŸš€",0.038653691789985956
2021-02-02 20:07:55,"CAME FOR THE TENDIES, STAYING FOR THE MOVEMENT. DONT BE FOOLED BY THE FUD BOTS!",0.03857114722916541
2021-02-02 20:13:31,Iâ€™m a retard and my ğŸ† is soft. But my âœ‹ğŸ’ are strong. HOLD YOU FUCKING ğŸ¦ğŸ¦,0.03855867955035438
2021-02-02 20:39:00,HOLD,0.038532726888839505
2021-02-02 18:26:35,Bought the dip,0.03851793069484816
2021-02-02 18:23:44,This momma dipped just right!,0.03805005113321693
2021-02-02 17:23:21,We are... Diamond Dogs $AMC,0.03783737712360637
2021-02-02 17:26:06,WSB is being short attacked by hedgies. All of our favourites are under attack and tripped SSR today. This isn't a coincidence.,0.03762948494447524
2021-02-02 20:08:33,Decided to join the GME fight ğŸ¦ğŸš€ as a former employee in the past save HME ğŸš€ğŸš€ğŸš€ğŸš€,0.037565336370839406
2021-02-02 20:09:29,Iâ€™m joining you degenerates from the UK. To the moon ğŸš€ğŸš€ğŸš€,0.037306119236635724
2021-02-02 19:51:51,Bought more at the dip!! 12k down but ğŸ’ğŸ’ğŸ’âœ‹âœ‹âœ‹!!,0.03698062899295441
2021-02-02 18:32:05,"Ef the hedge funds, ef the media, and ef the paper handed bitches. NOT SELLING ğŸš€ğŸš€ğŸš€ğŸš€ğŸš€ğŸš€",0.03665926480847662
2021-02-02 20:02:10,They said you guys like red here.,0.036439428887756524
2021-02-02 19:00:15,Why we need a $GME flair,0.036390495059628145
2021-02-02 19:46:00,"-$20K and counting but still buying those dips and ğŸ’ğŸ™Œ this until ğŸš€ğŸŒ•! In the meantime, enjoying these tendies with the perfect momentos. I like the stock.",0.03636828553091937
2021-02-02 20:51:30,One-Way Ticket To The Moon. Non-Stop Flight.,0.03629075368351058
2021-02-02 19:27:15,Holding till 1000 or 0.01,0.0360487995034778
2021-02-02 19:54:10,The number speak for themselves,0.03541337193279129
2021-02-02 20:10:36,"Recently born-again retard here. Learning about short ladder attacks has been interesting, but actually seeing it is amazing.",0.03538906693564477
2021-02-02 16:36:00,"20 y/o eurofag. If I can hold, you can hold.",0.035347901945456485
2021-02-02 17:41:25,-$211K this morning from $BB. BUT WE AINT SELLING WE LIKE THIS STOCK,0.03532687719791477
2021-02-02 20:37:27,To the moon,0.034833852870282234
2021-02-02 19:40:03,Part 3- $BB DD no Meems â€“ FUCK THE MEMES,0.03464859024932981
2021-02-02 19:47:41,Just a boy for a seaside town in the UK strapping myself in ğŸš€ IM HOLDING ğŸ’ğŸ¤²,0.03462111458326869
2021-02-02 19:59:39,$GME in the upside down,0.03458602465771912
2021-02-02 18:05:34,I'm Holding Because I Put Down What I Could Lose,0.03415075503597282
2021-02-02 20:30:56,All I could miss. Let's HOLD and go to the moon!! ğŸš€,0.03408759414372646
2021-02-02 20:13:18,"Doing my part, no reason to sell! Cohen going to sell GME to Amazon next year anyways.",0.03406756408719268
2021-02-02 20:45:02,Unjustifiable Bearish,0.033965397697109524
2021-02-02 20:11:51,"Pick your own poison they said, itâ€™s gonna be fun they said... Iâ€™m trying not to look at this screen every 2 goddamn minute",0.033776878439075265
2021-02-02 20:02:46,Mmm... YES. Call me dumb monkey again... Tell me wifeâ€™s boyfriend have bigger banana.,0.03367109970824244
2021-02-02 16:49:43,WE ARE HAVING SEX WITH THE GROUNDHOG (The Great GME Comeback),0.03328179670971989
2021-02-02 20:52:34,SPCE 10 day chart. Get ready.,0.03322343785921693
2021-02-02 19:31:17,APES TOGETHER STRONG ğŸ¦ğŸ¦ğŸ¦,0.03321809749535433
2021-02-02 17:43:26,Became a monkey... mom approved ğŸ’ğŸ™ŒğŸš€,0.03297635472117824
2021-02-02 20:00:34,Best BAG I ever held ğŸš€ğŸ¦ğŸ’ğŸ¤²ğŸ»,0.03280841736007139
2021-02-02 18:59:02,I'm with you brothers and sisters and I'm not fucking selling! ğŸ’ğŸ‘,0.032531421816353844
2021-02-02 19:50:02,Just bought 30 Shares like a Smart Retard. Letâ€™s fly this stupid rocket to Pluto ğŸ’ğŸš€,0.03243328965685422
2021-02-02 19:13:09,"Started with 1 share at $315 yesterday, now holding 18.24 shares at $176, my ğŸ’ğŸ¤² wants more..fuck those HF ğŸğŸ",0.03231996940781252
2021-02-02 17:32:57,"Cuban said to hold, so Iâ€™m holding... for u/DeepFuckingValue",0.03198474006474746
2021-02-02 20:20:09,WSB Prophecy,0.03193892981977845
2021-02-02 20:18:39,"It ain't much, but it's honest work",0.03163819376547352
2021-02-02 20:40:10,"First timer. Bought a few things on Mon, and already 38% down overall. But still gonna HOLD",0.031542273187763425
2021-02-02 18:49:39,OUR TENDIES ARE COMING SOON BABY! Diamond HandsğŸ’ğŸ’ğŸ’,0.03152326059899421
2021-02-02 18:09:51,Give me a reason to not go to College - bankrupt me or make me not need it. 100 shares @ 112.49,0.0314971653093834
2021-02-02 19:34:49,Am I official yet??,0.031058829297249835
2021-02-02 20:07:59,My first loss for you guys. But itâ€™s okay bois. Bought 2.5 more shares of GME to fuel the ğŸš€ğŸš€ğŸš€,0.030722591754878723
2021-02-02 17:11:33,Itâ€™s Time to Fight in the Mud,0.03063561234709917
2021-02-02 17:19:29,"Bought the dip, showing some love from ğŸ‡¨ğŸ‡± Chile i am NOT SELLING ğŸ’ğŸ™Œ to the moon ğŸš€ğŸš€ I LIKE THE STOCK",0.03031217640774013
2021-02-02 19:29:39,I yoloâ€™d the rest of my IRA to buy cheap GME.,0.030267390544163195
2021-02-02 20:14:03,ğŸ¦§ğŸ¦ğŸ¦ğŸ¦ğŸ’ğŸ’ğŸ’ğŸ’ğŸ’ğŸµğŸ–•ğŸ½ğŸ–•ğŸ½ğŸ–•ğŸ½ğŸ–•ğŸ½ğŸ–•ğŸ½ğŸ–•ğŸ½ğŸ–•ğŸ½ğŸš€ğŸš€ğŸš€ğŸš€ğŸš€ğŸš€ğŸš€ğŸš€ğŸš€ğŸ’ğŸ¤²ğŸ’ğŸ¤²ğŸ’ğŸ¤²ğŸ’ğŸ¤² getting in on that creamy dip!!!!!!,0.029837828954907126
2021-02-02 19:38:39,A lot of incorrect assessment and trends here..I'm on your side but hear me out.,0.029767075874817132
2021-02-02 18:20:14,"Keep err going, Keep eeerrr goooingg",0.02946205946850675
2021-02-02 18:02:38,Mark Cuban basically said the squeeze has not been squozed....IM NOT FUCKING SELLING!!!! (This is more than half of all my life savings.) ğŸ¦ğŸš€ğŸ’ğŸ‘,0.029451946898725455
2021-02-02 18:18:22,Thanks for the discount on amc. Another 5k. Support from Canada my fellow apes,0.02933368748305154
2021-02-02 19:58:20,Holding AMC,0.02931998645288962
2021-02-02 19:27:17,Come on retards and buy some more! I just ordered some stonks before we skyğŸš€ğŸš€ğŸš€ at the end of the week! Greetings from Germany...ğŸ’ğŸ‘ğŸ»,0.029215955154295994
2021-02-02 19:07:44,I've doubled down on the dip. No paper ass poopy hands here,0.02917821677524404
2021-02-02 18:05:54,GME | Set Sell Limit In Your Account To Prevent Your Broker From Loaning Out Your Shares to Shorters,0.029063142894728167
2021-02-02 18:35:14,I might not but rich but.....,0.028969992462155147
2021-02-02 18:06:20,I panicked and bought some to help the cause. ğŸš€ğŸš€,0.0287640376262182
2021-02-02 19:27:51,"I want to remember the name Mudrick Capital and Jason Mudrick, who made $200mn from selling OTM calls on $AMC and $GME... at our expense... your time will come",0.028711133254622177
2021-02-02 20:39:46,SPEEDY HANDS + ğŸ’ğŸ¤² TO THE MOON YOU AUTISTS ğŸš€,0.02864320619201014
2021-02-02 20:12:58,Some more DD for your BB (part 2),0.028625269057692703
2021-02-02 17:32:40,Checkmate wall street! ğŸš€ğŸš€,0.02852284811132754
2021-02-02 19:20:25,18 and put basically all my money into GME. Still holding regardless ğŸš€,0.028116750547776417
2021-02-02 17:59:29,GME just added to NYSE short sale restriction list,0.02780275347519025
2021-02-02 17:54:33,"$1.1m and only down $35k. AMC will rebound once Covid vaccines are given, Hollywood has been holding back on good movies because they know streaming doesnâ€™t many any money, theaters will always exist for the same reason baseball fields will always exist: They are the American Pastime.",0.02769632903014626
2021-02-02 17:24:52,21 Year Old Highschool Dropout and I'm DIAMOND HANDING TILL THE END!!,0.027596803408192257
2021-02-02 18:21:00,Wow! A discount price so I can get the max amount of shares allowed on RH? Nice ğŸ’ğŸ™Œ boys!,0.027491056538746762
2021-02-02 18:45:34,GME IS ON SALE!!! Elon texted me and itâ€™s final boarding call for Pluto! ğŸš€,0.02743475257730627
2021-02-02 19:09:00,I'm great at buying high but hell no I won't sell low (sorry if this breaks any rules I'm retarded),0.027374537361129027
2021-02-02 20:12:46,ğŸ’ğŸ™Œ Iâ€™m not able to put down hundreds of thousands of dollars - but I am stubborn as hell. Iâ€™m not gonna be a paper-hand bitch when I still have half my portfolio ğŸ’ğŸ™Œ,0.027293264748087402
2021-02-02 18:19:36,GUH,0.027261300610506366
2021-02-02 16:33:11,Likely Revenge on Broker Hawks: GOOD NEWS!!,0.02719660042146588
2021-02-02 19:08:07,Gamestonk sale,0.027031275114531912
2021-02-02 19:12:35,Holland holding strong here. Don't be a bitch and ğŸ“ƒğŸ™Œ you're missing out + taking your losses,0.02692131706583618
2021-02-02 18:57:41,"2/3 of my unemployment / stimmy in this. FEELING GOOD. Because. I like the stock. I just reaaalllllyyyyy like it. Got 2 more g's for the dips. No chips without those dips. AND I FUCKING LOVE CHIPS. HOLDING. WE RIDING TO BETELGEUSE. WE GETtiNG TENDIES. $69,420.69 IS NOT A MEME ğŸš€ğŸš€ğŸš€ ğŸ’ğŸ™ŒğŸ’ğŸ™ŒğŸ’ğŸ™ŒğŸ’",0.026912604920351385
2021-02-02 16:57:10,Canadians are still HOLDING!!! No paper hands here... ğŸ’ğŸ¤²ğŸ¼ğŸš€,0.026738899018306662
2021-02-02 17:17:28,â€”â€”â€” Tesla Gains â€”â€”-,0.026707545158925334
2021-02-02 19:34:44,Iâ€™m colorblind.,0.026700931613997628
2021-02-02 19:59:40,IM IN IT TILL THE END,0.026687240489937834
2021-02-02 19:46:31,Trigger pulled!!!,0.02667561225006949
2021-02-02 18:33:57,Less than a month old on this sub. How am I doing?!?! ğŸ’ğŸ™ŒğŸš€ğŸš€ğŸš€,0.026442136267802514
2021-02-02 19:19:49,ITALIAN BROTHER SUPPORTING THE CAUSE! GME TO THE MOONğŸš€ğŸš€ğŸš€ğŸš€,0.02640621744491592
2021-02-02 16:42:18,"IF I CAN HOLD, YOU CAN HOLD. ğŸ’ğŸ‘âœŠ",0.026370647842049285
2021-02-02 20:50:40,Why does E*TRADE keep rejecting my limit sell order??,0.026345714806984152
2021-02-02 19:15:37,This war is NOT over!!! Holding!!! ğŸ’ğŸš€ğŸ’ğŸš€ğŸ’ğŸš€ğŸ’ğŸš€ğŸ’ğŸš€ğŸ’ğŸš€ğŸ’ğŸš€ğŸ’ğŸš€ğŸ’ğŸš€ğŸ’ğŸš€ğŸ’ğŸš€ğŸ’ğŸš€ğŸ’ğŸš€ğŸ’ğŸš€ğŸ’ğŸš€ğŸš€ğŸ’ğŸš€ğŸš€ğŸš€ğŸ’ğŸš€ğŸ’ğŸš€ğŸ‘ğŸ’ğŸš€ğŸ’ğŸš€ğŸ’ğŸš€ğŸ’ğŸš€ğŸ’ğŸš€ğŸ’ğŸš€,0.026308402982582312
2021-02-02 17:46:14,I like the stock! Just bought some more of AMC. Diamond hands!,0.026134837363039908
2021-02-02 17:25:01,Bought some GME! Greetings from switzerland âœŒï¸,0.02603956049002126
2021-02-02 19:08:19,Was getting nervous but my ğŸ’ğŸ‘ scooped another 2 shares to lower my average. Iâ€™ll either see ya on the ğŸš€or in the unemployment office.,0.02595442938882593
2021-02-02 19:01:13,"They dipped today... Meh; keep cool everyone, tomorrow's a new day.",0.025946938280094523
2021-02-02 16:46:11,This is the biggest candle I've ever seen,0.025932752301592508
2021-02-02 19:30:35,It Aint Much But We HOLDDD TOGETHER!! ğŸ’ğŸ™ŒğŸ»ğŸ’ğŸš€ğŸš€ğŸš€ğŸš€,0.025725681063748562
2021-02-02 18:48:16,Hmmm 8mil people x $109=gme to the MoonğŸš€ğŸš€ğŸš€ğŸš€,0.025687569326903404
2021-02-02 18:38:26,Itâ€™s not much but APE TOGETHER STRONG ğŸ¦ ğŸ¦,0.025670119709604478
2021-02-02 20:40:19,Would you pay $50 for unlimited returns?,0.025499450912148645
2021-02-02 19:49:59,Hands of diamond (AMC),0.025497648411062297
2021-02-02 17:55:51,Even YAHOO FINANCE knows what's up. Recommend to HOLD. So you know what will I do then.,0.02544467674896406
2021-02-02 17:19:38,Still holding! You donâ€™t get the loss unless you sell!! Make no mistake by giving in to these dictatorship in controlling the value. Robinhood controlling prices because â€œnormalâ€ people making money.,0.025350069514709635
2021-02-02 18:45:35,SELL? Never heard of her ğŸ’ğŸ™Œ,0.025318310754129027
2021-02-02 20:16:51,ğŸ’ğŸ¤². GMEğŸš€ (US)ğŸƒğŸ¾â€â™‚ï¸ğŸ’ğŸ’¨ ğŸ¥¸ğŸ¦ğŸ¤‘,0.025199960363676274
2021-02-02 18:33:24,Joining you crazy bastards,0.02504641241321292
2021-02-02 16:54:12,Y'all brought meaning to my life again,0.024975489490438624
2021-02-02 19:03:57,Loss Porn for y'all. This shit hurts so bad but I'm still holding ğŸ’ğŸ‘ğŸ’,0.024898923363724113
2021-02-02 20:07:15,Stick it to the man!,0.024778126083406463
2021-02-02 18:43:35,Holding on for dear life. See you on mars banana holders,0.024733281863657017
2021-02-02 19:16:59,Germany here. Went fully retard and just bought 20- dont let me down,0.024667526539323192
2021-02-02 19:40:17,Canadian Autist Standing Strong! My first Loss porn ğŸ™ŒğŸ’ğŸ™ŒğŸ’ğŸ™ŒğŸ’ğŸ™ŒğŸ’ holding till weğŸš€ğŸš€ğŸš€ğŸš€ğŸš€ğŸš€ğŸš€,0.024376771560422464
2021-02-02 18:49:30,TO THE FUCKING MOON BOIS ğŸš€ğŸš€ğŸš€,0.024101119793384918
2021-02-02 17:05:26,Bought a few more seats on the rocket from Finland! ğŸš€,0.023929585902046975
2021-02-02 18:43:28,Still panicking... ğŸ’ğŸ‘ ğŸ’ğŸ‘ ğŸ’ğŸ‘ğŸš€ğŸš€,0.023901023514804668
2021-02-02 19:18:51,"U retards laughed at my loss porn yesterday cuz I was still net positive. Well, itâ€™s net negative now, but guess what? I AINâ€™T FUCKING SELLING!!! In fact I bought more calls in RH and shares in Webull today! ğŸ™ŒğŸ’ğŸŒğŸš€ğŸš€ğŸš€",0.023861286455760737
2021-02-02 19:54:51,to everyone out there weâ€™re in this together we will fucking dominate ğŸš€ğŸš€ğŸš€ğŸš€ TO FUCKING MARS dont worry my other account has GME and AMC (servers are slow right now),0.02375528225521464
2021-02-02 19:49:12,I panicked and bought $60k of calls. (Canâ€™t buy more shares on RH) ğŸš€ğŸš€ğŸš€ğŸš€ğŸš€ğŸ’ğŸ™ŒğŸ’ğŸ™ŒğŸ’ğŸ™Œ The comeback has begun,0.023743936357579036
2021-02-02 16:44:33,"This loss only lasted a few minutes and the fuckers stopped trading 2 times now on the way back up, lmfao they are shitting bricks now. GME to the fucken moon ğŸŒ ğŸš€ğŸš€",0.023613233876763978
2021-02-02 18:01:59,Why I will continue to ğŸ’ğŸ™Œ GME- This one is for the noobs and true smooth brains.,0.023406811420718987
2021-02-02 16:41:48,P.O.P. Hold it down; letâ€™s go Mark. P.s. I like the stock,0.023368481473451407
2021-02-02 19:56:23,ğŸ’ğŸ–ğŸ» WE HOLD!!!,0.023327721864607968
2021-02-02 20:00:15,"My before & afters during the HUGE SALE today. I bought high, I'm buying low, My hands are diamond ğŸ‘ğŸ’",0.023181164924774737
2021-02-02 17:30:32,24k down. Not a loss if you donâ€™t sell!! NOT SELLING. ğŸ’ğŸ‘ğŸ’ğŸ‘,0.023162972793719143
2021-02-02 19:31:49,Finally some healthy LOSS PORN!,0.022910598216854643
2021-02-02 19:47:31,WOKE UP AND ADDED 35 FRESH ROUNDS OF AMMUNITION ğŸ’ğŸ™ğŸš€ğŸš€ğŸš€ğŸš€,0.022823029710961708
2021-02-02 19:59:45,This hurts.. but iâ€™m here for the movement,0.022761697773949482
2021-02-02 19:29:29,Not selling.,0.02270446831794879
2021-02-02 18:19:00,"All In - Got in at 70, bought up to 340 and still buying down at 80. ğŸ’ğŸ‘ğŸš€",0.022702763477559573
2021-02-02 17:41:12,"Mark CUBAN wants us to hold, so we hold. Stronger together.",0.022663113747579025
2021-02-02 19:20:05,Doing my part to push the price back up!!,0.022579065723647266
2021-02-02 18:22:58,Bought the dip and averaged down 7.23 per share. Not Selling. Holding ğŸ˜‰ğŸš€ğŸš€ğŸš€ğŸ’ ğŸ™Œ,0.022236035957469563
2021-02-02 20:37:02,Remember Happy Tree Friends?,0.02216216571478068
2021-02-02 20:04:39,"Godspeed, ladies and gentlemen.",0.022145866361456063
2021-02-02 20:52:48,"Tired of seeing these incorrect ""You are here charts"" trying to say that we are in the gully before the VW Short Squeeze. These are the actual GME vs. VW numbers. Seems pretty obvious to me",0.02212189079388931
2021-02-02 19:44:11,Does this turn you dumb dirty ğŸ¦ on? Yeah you like this!? ğŸ’ğŸ™Œ bitches.,0.022106652397347475
2021-02-02 19:59:13,I ainâ€™t fuckin selling,0.02209197362171319
2021-02-02 18:58:06,HOLDING,0.022090518067036782
2021-02-02 18:52:08,"I aint a paper handed bitch, HOLD!",0.021854879806443107
2021-02-02 18:13:01,OK I believe Wallstreet is in the wrong side of history this time. I am selling other stocks to buy the flash sell.,0.02182679189344256
2021-02-02 18:58:03,"Another retard from Switzerland joining the cause. Enough is enough. Then again, I just really like the stock. It reminds me of my childhood.",0.02169455732883212
2021-02-02 19:42:54,"WHAT DOES THE WORD NEXT TO ""BUY"" SAY? I CANT READ ğŸ’ğŸ‘",0.021571865615787507
2021-02-02 19:48:59,Here goes a little bit of a stomach drop. Sad to think I was up $68K last week. ğŸ¥´ end of lunch break now,0.021331614246611855
2021-02-02 19:50:24,What are the opinions of the people as we move into the final hours of Tuesday?,0.021291028161384153
2021-02-02 18:02:44,THIS IS OUR MOMENT APES! THIS WILL NOT BE OVER QUICKLY! OUR POWER LIES IN OUR AGGREGATE NUMBERS. THIS IS A GAME OF CHICKEN. NOW IS NOT THE TIME FOR PAPER HANDS. ğŸ’ğŸ’ğŸ’ğŸ’ğŸ’ğŸ’ğŸ’ğŸ™ŒğŸ»ğŸ™ŒğŸ»ğŸ™ŒğŸ»ğŸ™ŒğŸ»ğŸ™ŒğŸ»ğŸ’ğŸ’ğŸ’ğŸ’ğŸ’ğŸ’ğŸ’,0.0210614276923407
2021-02-02 18:42:58,Is this the real reason why they're limiting buying? Not financial advice...I like the stock,0.021043192546108334
2021-02-02 18:57:10,Itâ€™s not much but I wanted to join the trip to the moon! Greetings from Germany ğŸš€ğŸš€ğŸš€,0.02103406069193384
2021-02-02 19:57:56,First time investor. Buying AMC and holding on cause I wanna support my favorite overpriced popcorn and gigasize Coca Cola joint. I have a little money sitting around.,0.02095942232984202
2021-02-02 19:39:37,Iâ€™m in (for what I can). Every share counts.,0.02095286881715605
2021-02-02 16:34:12,A REMINDER: ONLY AND ONLY IF WE SELL WE LOSE (MODS PLS DONT DELETE),0.02076351377973781
2021-02-02 19:37:42,Some loss porn for you retards to jerk off to ;) IM HOLDING TILL THE MOON ğŸš€ğŸŒ•,0.020690126593162543
2021-02-02 16:41:52,It's only a loss when you sell right?,0.02067248049106176
2021-02-02 20:00:55,It ain't much but its honest work. I'm with yall to the extent I can. ğŸ’ğŸ™ŒğŸ¦,0.020645146947125045
2021-02-02 19:30:57,"This is all I can afford to hold, but holding I will! ğŸ’ğŸ™Œ",0.020624353749082988
2021-02-02 19:25:19,RomÃ¢nia nu vinde! ğŸ‡¹ğŸ‡©ğŸš€,0.020465373559001968
2021-02-02 18:06:19,Sorry I'm Late! My Veteran Benefits Are Finally Coming Into Good Use! online classes blow...,0.0204648323776023
2021-02-02 16:47:05,Keep holding brothers we will soon be knees deep in gain porn ğŸ™ŒğŸ’ğŸš€ğŸš€ğŸš€ğŸš€ğŸš€ğŸš€ğŸš€ğŸš€ğŸš€,0.020446256849221064
2021-02-02 18:52:49,Canadians aren't locked out of GME. ğŸš€ğŸš€ğŸš€ Please,0.020352753528375563
2021-02-02 19:11:15,Heard you guys are into this shit,0.020282289890410945
2021-02-02 19:28:15,Heard you guys are into this,0.020229681875809948
2021-02-02 19:39:25,"Am I reading this right, in that volume seems to still be heavily buying last week, with not nearly as much selling into today? Volumes and pricing doesn't seem to add up, giving credence to the ladder attacks. But how does stock value rise after a ladder attack?",0.020144899757410184
2021-02-02 17:36:45,"bUy SiLvEr ItS gOiNg To MoOn ThEy SaId, MAKE SURE YOU HOLD YOUR $GME and $AMC ğŸ’âœ‹ğŸš€ğŸŒ™",0.02012378861851175
2021-02-02 16:58:34,"All ""WSB stocks"" are being treated the same by the media. They're not the same.",0.020049785482241782
2021-02-02 18:45:42,"I JUST LIKE THE STOCK ğŸ’ğŸ¤šğŸ’ğŸ¤šDUMPED MY INSTANT DEPOSIT LIMIT INTO GME, ITS NOT MUCH BUT IM NOT LEAVING ğŸš€ğŸ’ğŸ¤šğŸš€ğŸ’ğŸ¤šğŸš€ğŸ’ğŸ¤šğŸš€ğŸš€",0.020035645158297092
2021-02-02 16:36:56,Iâ€™m retarded ğŸš€ğŸš€ğŸš€ğŸš€ğŸ’ğŸ™ŒğŸ¼ğŸ’ğŸ™ŒğŸ¼,0.01998657967863549
2021-02-02 19:24:25,This subreddit contains the majority of the board of directors with being high quantity shareholders of $GME.,0.019961447597890414
2021-02-02 18:46:58,Legit Crayon Muncher,0.01985996286034621
2021-02-02 18:38:09,"From italy with love, to the moon ğŸš€ğŸš€",0.019691475396806015
2021-02-02 19:51:26,"Loss porn, still holding! ğŸ’ğŸ™ğŸš€",0.019599734834229453
2021-02-02 19:03:41,"FUCK THE SUITS, FUCK MELVIN AND FUCK ROBINHOOD. KEEP HOLDING RETARDS KEEP FUCKING HOLDING.",0.01944401523723843
2021-02-02 19:03:52,THIS IS THE WAY. My donation to the cause. Fuck the institutions. Hodling for life.,0.019337709783928524
2021-02-02 16:37:31,BUY THE DIP!!! i Did,0.01928797958537988
2021-02-02 19:40:11,Some Loss Porn for you to enjoy.,0.019172228455449372
2021-02-02 18:11:34,"This is only one account, down 10k total and not even considering selling. DIAMOND HANDS. WE GOT THIS. ğŸ’ğŸ™ŒğŸ’ğŸ™Œ",0.019083103838315987
2021-02-02 19:03:15,APES TOGETHER STRONK ğŸš€ğŸš€ğŸš€,0.018837769475131383
2021-02-02 19:58:22,Thanks for giving me more opportunities to buy. I just seem to like this stock more and more everyday. ğŸ’ğŸ™ŒğŸš€ğŸš€ğŸš€ğŸš€ğŸŒğŸš€ğŸš€ğŸš€ğŸŒŒ,0.018667219852387364
2021-02-02 18:43:20,Holding in pesos ğŸ¤£ğŸ¤£ğŸ¤£ğŸ¤£,0.018662603608068352
2021-02-02 17:34:28,DIAMOND FUCKING HANDS ARE BUILT UNDER PRESSURE ğŸ’ğŸ’ğŸ™ŒğŸ™Œ,0.01865367820642368
2021-02-02 19:46:42,$1 milli CRSR Yolo ğŸš€ğŸš€ğŸš€ğŸš€,0.018653322319638534
2021-02-02 19:05:11,Its not much but I'm doing my part. Push them out,0.018589703719995042
2021-02-02 18:08:15,"Here are two pictures I made so that you can use them as your phone background. I HOLD, YOU HOLD, HE/SHE/APE/IT HOLDS, WE HOLD, YOU HOLD, THEY HOLD ğŸš€ğŸš€ğŸš€ğŸš€ğŸš€ğŸ’ğŸ™ŒğŸ’ğŸ™ŒğŸŒ•",0.018542887317612864
2021-02-02 19:23:22,"this morning, sleep deprived, and stressed and tired from staring at a line go up and down. I paper handed panic sold when it dipped under 90. I immediately bought back in at 110 once I came to my senses. all in all lost 26 shares in the exchange. 156 down to 130. avg cost was 30 now 110. I hate me",0.018474258361988825
2021-02-02 18:59:21,"Yolo Update $Amc February 02-2021. Down almost 50%, Not Much But Helping The Cause. Buy And Hold You Dumb Monkes",0.01839319702509765
2021-02-02 17:15:30,Loss Porn - I'm NOT LEAVING. DIAMOND HANDS BC I LIKE THE STOCKS,0.01834944542319774
2021-02-02 19:00:49,I donâ€™t feel good Mr. Stonk,0.018342866487459263
2021-02-02 20:03:02,"Next stop earth, but not for long! To the moon soon :D",0.01820604044636585
2021-02-02 17:51:03,"Theyâ€™re trying their best to scare us, but we ainâ€™t selling ğŸ’ğŸš€ğŸ™ŒğŸ¾",0.018191280492350553
2021-02-02 20:02:03,I think this is the best way to take advantage of the dip! +90 ğŸ’ğŸ™ŒğŸš€ğŸš€,0.018187044875575768
2021-02-02 19:08:14,"â€œCome on you apes, You wanna live forever?!?â€ #ğŸ’ğŸ‘ğŸ»4Life",0.01808526717410434
2021-02-02 18:42:49,GME valuation DD,0.01801827241434632
2021-02-02 18:08:20,I eat crayons and sell TSLA. your Viking brethren are with you ğŸ‡³ğŸ‡´,0.01799218787870072
2021-02-02 21:06:11,"Are ya winning, Son?",0.017896207896024852
2021-02-02 19:56:13,My first post on Reddit is to let you know another autist is with you beautiful people. ğŸ’ğŸ™Œ,0.017866051705657804
2021-02-02 18:52:32,"By definition, we are a Plutocracy... holding GME and BB to spite the elite class",0.017833087297372274
2021-02-02 16:50:54,This price is too low for me...So I went all in,0.017823598436632903
2021-02-02 19:17:36,I have a big enough loss to finally post! HOLD,0.01780584029760966
2021-02-02 19:44:32,"Some loss porn for you scumbags that jack off to it, holding GME to the ğŸŒ™ğŸš€ğŸš€ğŸš€",0.017760276695433615
2021-02-02 19:21:31,I did my part and I'm not selling. -21000 so far. Only play with what you can afford to lose.,0.017677108721492304
2021-02-02 19:54:27,"Dave Portnoy lost $700,000 but his Twitter followers gapped up on the meme stock frenzy",0.017661045618305685
2021-02-02 18:11:30,Buy the dip,0.0176522879211604
2021-02-02 19:46:38,"Been lurking since Thursday, Bought at start yesterday, down -70%ğŸ’ğŸš€ğŸ‘ ğŸ¦ğŸ¦ğŸ¦ğŸ¦ğŸ¦ğŸ¦",0.01760243357445531
2021-02-02 16:29:30,GME & AMC ğŸš€ğŸš€ğŸš€ğŸš€ (update in the past 10 mins) ğŸ’ BUY & HOLD ğŸ¦,0.017590331407316397
2021-02-02 17:17:21,Still holding for BB,0.01755419598392974
2021-02-02 16:37:28,HOLDING $AMC $GME,0.01749194253195869
2021-02-02 18:32:28,STILL HOLDING BABY I AINT FUCKING LEAVING BOIS TOGETHER WE WILL WIN!,0.017459007888631417
2021-02-02 17:25:30,"Don't be a paper hand, if i can hold you can hold",0.017447704957278667
2021-02-02 17:06:39,GME Prayer To the moonğŸ’ğŸ’ğŸ’ğŸ’ğŸ’ğŸ’,0.017396875977514024
2021-02-02 16:58:48,Finally in the fight HOLD THE FUCKIN LINEğŸš€ğŸŒ•ğŸš€ğŸŒ•ğŸš€ğŸŒ•ğŸš€ğŸŒ•ğŸš€ğŸŒ•ğŸš€ğŸŒ•ğŸš€ğŸŒ•ğŸš€ğŸŒ•ğŸš€ğŸŒ•ğŸš€ğŸŒ•,0.01738385965584604
2021-02-02 20:13:12,Not a big loss but thought iâ€™d add,0.017311318746525486
2021-02-02 19:56:43,"PANIC! I had to buy more, Im sorry everyone, these bananas are just to ripe ğŸ¦ğŸŒ",0.017282697122700544
2021-02-02 19:34:19,"This for me represents years of saving and non-autistic investing. But fuggit, ğŸ’ğŸ™Œ",0.01724175783797534
2021-02-02 18:57:14,I bought more ğŸ’ğŸ™ŒğŸ½,0.017195188239337054
2021-02-02 19:18:17,The event that made a needed correction.,0.017151929044582875
2021-02-02 19:40:11,P/C Ratio Indicating Potential Rally,0.01706328332534994
2021-02-02 17:55:54,Switch to a not meme brokerage.,0.01699660748492411
2021-02-02 19:43:30,Gotta Say I love this sub... thank you for all the wisdom of diamond hands,0.01694280867014909
2021-02-02 19:05:03,Might not be the biggest position but it's my first buy ever. To the moon or bust!,0.016930921579062466
2021-02-02 20:07:55,"My first 3k++ loss, guess why",0.01689247323905054
2021-02-02 19:11:18,Swedish loss porn,0.01683725114329091
2021-02-02 19:31:41,Holding to pluto,0.016765988383431723
2021-02-02 19:37:56,Holding my ğŸŒwith you ğŸ¦,0.016632785124405025
2021-02-02 18:17:53,Not a loss if you donâ€™t sell ğŸ’ğŸ¤²,0.016545403045012647
2021-02-02 16:57:11,Down 10k since Thursday and 5k today; I'm not selling.,0.01653787820746987
2021-02-02 19:22:51,Loss porn... 20 shares @234. ğŸ’ğŸ‘‹ğŸ’ğŸ‘‹ğŸš€ğŸš€ğŸš€ğŸŒ‘ğŸŒ’ğŸŒ“ğŸŒ–ğŸŒ b,0.016464516085580652
2021-02-02 18:03:43,"I canâ€™t wait to lose $100,000 on paper someday. Itâ€™s exhilarating enough to lose this much on paper.",0.016448746883293047
2021-02-02 17:02:38,"If hedgefunds think my smooth brain is selling at -60%, youâ€™re very wrong. IM HOLDING TO $10,000. ğŸ’ğŸ–ğŸ»",0.016429341354667282
2021-02-02 19:10:20,69 and 666. IT'S A SIGN!!1! ğŸ’ğŸ’ğŸ’ğŸ™Œ ğŸš€ğŸš€ğŸš€ğŸš€ğŸš€ğŸš€ğŸš€ğŸš€,0.016412445592445722
2021-02-02 19:04:21,"Took my small gains from another stonk and flipped into the dip. Canâ€™t stop, wonâ€™t stop. ğŸš€ ğŸš€ ğŸš€",0.016291337423559437
2021-02-02 21:06:05,Posting from the short bus on the way to my wifeâ€™s boyfriendâ€™s house. All in on GME at 130 avg,0.016160895429654737
2021-02-02 19:02:02,I would gladly do it again. Thanks for sticking together you crazy bastards. ğŸ‘‰ğŸ’ ğŸ¦§,0.016122847550385764
2021-02-02 18:43:21,Holding my 42 tickets to the moonğŸ’ğŸ™Œ,0.016114302089154108
2021-02-02 20:03:53,ğŸ’ğŸ‘‹ğŸ»ğŸ‘‹ğŸ» ridin the storm,0.016078535964410334
2021-02-02 19:32:47,"Oh look, the opportunity to lower my cost basis...",0.01607808575864654
2021-02-02 19:39:17,HOLDING TILL MY HANDS TURN TO DIAMONDS,0.015939648666283494
2021-02-02 16:32:12,Just bought another 100 AMC.,0.015883718801722763
2021-02-02 19:57:51,treat it like your son... you wouldnâ€™t just disown your son after he messes up right? TO THE MOON ğŸš€,0.015881121587327258
2021-02-02 17:42:26,CNBC = Fake News,0.01579691645824048
2021-02-02 19:41:58,Never letting go! ğŸ‘ŠğŸ‘ŠğŸ’ğŸ’ğŸ’ğŸ¦ğŸ¦,0.015659016278461235
2021-02-02 17:02:54,"I saw today's flash sale so of course I bought more. It's not that hard dealing with the losses, the only things hard right now are my ğŸ’ğŸ™Œ",0.015628329380705342
2021-02-02 18:16:10,We win. Iâ€™m going to sleep thanks,0.01559928896027675
2021-02-02 18:10:33,Every dip makes me STRONGER (scroll) ğŸ’ğŸ¤šğŸš€ğŸš€ğŸš€ GME,0.015575033405752921
2021-02-02 16:42:48,Down $60k and I'm holding ğŸ¤²ğŸ’,0.015511816392765271
2021-02-02 16:56:41,"Alright, you've convinced me I'm in. Did I get a good price? To the Moon ğŸš€ğŸš€ğŸš€",0.015506581627376805
2021-02-02 19:54:55,My 2-2-21 update. Robinhood finally exercised some of my calls today by email- submit a ticket to them if you are in this boat. ğŸ¦ğŸ¦ğŸ¦,0.015466733763143881
2021-02-02 18:04:56,Just bought 10 more shares ğŸ’ğŸ™Œ,0.015460789491840486
2021-02-02 19:56:56,I thought about selling... jk no the fuck I didnâ€™t,0.015436211572284517
2021-02-02 17:37:09,You done fucked up now Robinhood! I can buy twice as much as I could have yesterday!,0.01539941914854455
2021-02-02 17:18:06,"Fear, uncertainty, and doubt got to people. Will you let it get to you?",0.015355642026200787
2021-02-02 19:57:22,Down over 100k from the top! See you at the bottom before we ride back up! (Excuse the penny stock YOLO - my autism flared up),0.015293158767989862
2021-02-02 18:01:50,Warren presses Robinhood chief on decision to halt GameStop purchases,0.015292063444287542
2021-02-02 18:42:33,"Typical market movement is not ""hardcore laddering"". Look at the rest of the market!",0.015218107017485683
2021-02-02 21:06:01,Leveraged up $GME ğŸš€ at end of day (long call + short ITM put),0.015179629790813878
2021-02-02 19:18:14,Ape eat ramen and wait patiently for ride share to moon.,0.015154117931671544
2021-02-02 17:18:02,ğŸ’ğŸ™Œ NOT FUCKING SELLING!!!!!!!!!,0.01506015576294097
2021-02-02 18:00:52,Mark Cuban advises Reddit traders as GameStop shares plunge,0.015033721497117191
2021-02-02 19:21:35,Holding till the end,0.01500344820430525
2021-02-02 18:40:12,"We're still going to the moon, right? ğŸ¥º",0.014861238417000475
2021-02-02 18:33:20,$15K @ $NOK ğŸš€ğŸš€ğŸš€ğŸ’ğŸ™Œ,0.014847926196875057
2021-02-02 18:34:38,Long time lurker and Iâ€™ve been waiting for a dip to buy. Just doing my part to support all you apes and get some gains for myself in the process. $GME ğŸ™ŒğŸ’ğŸ™Œ,0.014755908161573015
2021-02-02 17:44:44,ğŸ’ ğŸ™Œ,0.014741151442506973
2021-02-02 18:43:22,Buy the dip! See you on the moon!,0.014724846373706864
2021-02-02 16:35:38,Mama told me always buy things on SALE NOW. So I did!,0.01467258846983775
2021-02-02 16:34:23,"HEY YOU PAPER-HANDED BITCHES, THIS. IS. THE. WAY!!!!!!!!!! NOW: SHARE THIS WITH ONE OF YOUR PAPER-HANDED, BITCH-ASS, CRAYON-MUNCHING FRIENDS (This is NOT financial advice, I don't know what I'm talking about, I simply like making memes and the $GME stonk)",0.014666450307678738
2021-02-02 19:55:24,DIAMOND HANDS âœ‹ ğŸ’ I joined in early January and been with you all since the beginning of this fight. To the moon we go ğŸš€ğŸš€,0.014641364110691262
2021-02-02 19:57:08,Hereâ€™s my contribution to loss porn,0.014527691324811
2021-02-02 16:43:56,"Just opened my Fidelity account yesterday, thanks for the DISCOUNT HFs ğŸš€ğŸš€ğŸš€ Still holding 57 shares in RH ğŸ’ğŸ™Œ",0.014438716040560719
2021-02-02 20:04:15,Not selling just yet ğŸ’,0.014316476684488067
2021-02-02 19:09:05,Loss Porn... 38 Shares. @ 295 - ğŸ’ğŸ¦ğŸš€,0.014261754216970464
2021-02-02 17:41:55,Holding strong in Canada. These losses have me erect ğŸ’ğŸ¤²ğŸš€ğŸš€ğŸš€,0.01421391630253835
2021-02-02 19:12:43,"It's ain't much, but it's honest LOSS",0.014131953306767342
2021-02-02 19:22:07,86 @ 280 average (2 accounts). 50% down. Not selling,0.014127258241860913
2021-02-02 19:01:54,TO THE MOON!,0.01410910750764916
2021-02-02 17:53:12,Hold the fucking line you hoes!,0.014095549896663378
2021-02-02 19:09:57,Would do it all again for my ğŸ¦ brothers. Happy to lose fighting the right battles. We wonâ€™t always lose.,0.014082748432833643
2021-02-02 19:58:12,"First post here. APES STRONG TOGETHER! After the moon, weâ€™re going to Neptune because itâ€™s about to rain diamonds ğŸ’ğŸ’ğŸ’ğŸ™ŒğŸ’ğŸ™ŒğŸ’ğŸ™ŒğŸš€ğŸš€ğŸš€ğŸš€ğŸš€ğŸ¦ğŸ¦ğŸ¦ğŸš€ğŸ¦ğŸš€ğŸ¦ğŸš€ğŸš€ğŸš€(never too late to hop on the rocket ship)",0.014027016848890303
2021-02-02 19:42:24,Down but not out!! ğŸ’ğŸ™ŒğŸ» No cash for the dip ğŸ˜­,0.013968464983818533
2021-02-02 20:39:38,Brings total to 6 on Sofi. Still have 2.795... at $357.76 with robin hood. Hands are heavy.,0.013948881212139911
2021-02-02 18:06:57,My menstrual stocks... sure they bleed for days.. but they donâ€™t die!!,0.013783689632350623
2021-02-02 16:38:36,Lol Boomer ğŸŒˆğŸ» think I care about the imaginary red numbers,0.01377950992581346
2021-02-02 18:22:30,What think you Apes? Shall we call our brokers and have them deliver paper to our Diamond Hands?,0.013769533582592591
2021-02-02 17:56:08,Hold the fucking line. We got this!,0.013701167190690472
2021-02-02 18:07:52,First Ever Stock Purchase. Not huge but Iâ€™m onboard! GME coming soon!ğŸš€,0.013668216718757651
2021-02-02 19:58:44,Porn loss Hold apes ğŸ¦ğŸ’ğŸ‘ğŸŒ im buying more!,0.013648956484488675
2021-02-02 16:37:28,JUAT BOUGHT 4 MORE AT THIS DISCOUNT!. NOT A LOT BUT I'M DOING WHAT I CAN TO HELP THE MONKEYS COMMUNITY. Romanian monkeys says HI,0.013597976526610996
2021-02-02 17:22:27,"GME, Buy More and HOLD!",0.01357579076498811
2021-02-02 18:38:15,I bought 3 more! HOLD!!,0.013546983429312065
2021-02-02 19:31:06,"It ain't much, but it's honest work",0.01353960338282841
2021-02-02 17:47:31,"All this dip was was an opportunity for me to buy another share. To the ğŸŒ™, kings ğŸš€ğŸš€ğŸš€",0.01352719218197416
2021-02-02 18:37:31,"CRSR Earnings Next Week, Could Mean ğŸš€ğŸš€ğŸš€",0.013480575743416193
2021-02-02 19:17:02,Big money for small guy like me.. really need $GME to ğŸš€ğŸš€ğŸš€ğŸš€,0.013474889807396192
2021-02-02 19:18:07,Bought the dip ğŸ’ğŸ™ŒğŸ’,0.013455908999637247
2021-02-02 17:29:07,Threw in everything I could back then @$300 and Iâ€™m NOT backing down! Yâ€™all better hold too!,0.013455783244820739
2021-02-02 16:54:14,Requesting Schwab to throw all of my 401k on GME ğŸš€ğŸš€ğŸš€ğŸš€ğŸ’ğŸ’ğŸ¤²ğŸ¤²,0.013445043401397941
2021-02-02 19:21:27,IM NOT SELLING... ğŸ¦ ğŸ¦ğŸ¦STRONG TOGETHER ğŸ™ŒğŸ’ğŸ’ğŸ’ğŸ’,0.013407198565179435
2021-02-02 18:18:44,"I know this sub's faith in politicians is below zero, but I hope she grills them hard!",0.013362529292570669
2021-02-02 19:39:45,Beat me off with st Ives apricot scrub,0.013353993208581823
2021-02-02 17:51:39,- Warren Buffett,0.01330163932466053
2021-02-02 16:41:26,Just bought my max limit of 100 Gme starting now buy buy buy ğŸš€ğŸš€ğŸš€ğŸ’ğŸ™Œ,0.013299142192733702
2021-02-02 16:59:05,"RH changes GME restriction to 100 stocks, but you should move away from RH now",0.01323757681552095
2021-02-02 19:57:45,Bought another 50 shares today. ğŸš€ğŸš€ğŸš€,0.013215188715004614
2021-02-02 19:21:06,$GME should buy Dave & Busters,0.013205724614832959
2021-02-02 17:37:20,I got scared when I started seeing red...so I bought a couple more ğŸ¤—ğŸš€ Hold pleaseâ˜ğŸ»,0.013188338138525473
2021-02-02 19:03:55,Still here,0.013122511377559674
2021-02-02 17:57:48,I wont sell! APES TOGETHER STRONGER ğŸ¦ğŸ¦ğŸ¦ğŸ¦,0.013117493044236053
2021-02-02 19:07:32,Loss Porn: I'M DOWN BUT STILL HOLDING ğŸš€ğŸš€ğŸš€,0.013101268502603559
2021-02-02 16:30:34,"Patience is a virtue! too any of u that panicked, i held through the morning drop. look gme is trending back up. stay strong tards! letâ€™s gives the hedgies a taste of the their own medicine. ğŸ‘ğŸ’ğŸš€",0.013077900238029964
2021-02-02 19:55:39,I call this one the GameStop Sloppy Joe ğŸ˜­,0.0130600738037589
2021-02-02 19:08:00,Added to $GME ğŸš€ on the way down.,0.013012675343011693
2021-02-02 19:02:42,"Are you guys willing to buy but unable, or are you guys out of GME for good?",0.0129941846505281
2021-02-02 18:46:56,What is eBay trying to tell me?,0.01295940841340223
2021-02-02 17:06:08,"Hold Out Autist. Hell, Even Buy That Dip",0.012933230580616477
2021-02-02 17:26:44,"YOLO'd last week, 94 shares avg $158 buy price. Didn't have much left, but still bought the dip! HOLDING STRONG! I LOVE THIS STOCK! ğŸ’âœ‹ğŸ¤š ğŸš€ğŸš€ğŸš€",0.01293213195423406
2021-02-02 19:43:15,This my be my first Loss Porn but it won't be my last,0.012917642897394034
2021-02-02 19:48:11,Itâ€™s not much but itâ€™s honest workğŸ’âœ‹,0.012880400022613498
2021-02-02 17:53:02,I canâ€™t buy anymore cos I YOLOâ€™d everything. But I will fucking hold.,0.012795325384931524
2021-02-02 16:31:51,Do not underestimate the enemy. Seize on the opportunity.,0.01271503719381542
2021-02-02 18:33:14,And Iâ€™m. Still. Holding. ğŸ’ğŸ¤ŒğŸ»,0.0125637967946872
2021-02-02 16:35:14,You would have to be a genuine idiot to not take advantage of these prices! AMC Has been bailed out by our retard power and now itâ€™s in the crosshairs of Amazon and Disney. If they purchase AMC that equals gains and a huge gaping wound for the Wall Street hedge funds ğŸ¦ğŸ™ŒğŸ’,0.012505457529205137
2021-02-02 16:55:04,I may not have a ton of shares like a lot of other people but Iâ€™m still holding after losing 8k Iâ€™m the last few days. Monke strong together ğŸ’ğŸ™ŒğŸ½,0.01249762135264332
2021-02-02 18:41:35,"Picked up 100 shares, im in on the dip.",0.012482996556147716
2021-02-02 19:37:28,I'm holding for 10 000.,0.012456129883637332
2021-02-02 17:22:56,Mark Cuban tweeting about us on Twitter!,0.012341202036669597
2021-02-02 18:33:07,Can I sell now and buy back later at a lower price? (SPOILER - You most likely cannot),0.012337825560876679
2021-02-02 17:22:20,It feels like I got a freebie,0.01230826014446563
2021-02-02 20:11:35,Goldman Sachs - 29'th Jan - US Weekly Kickstart Anatomy of a short squeeze Positioning-driven volatility obscures strong equity market fundamentals,0.012305373414025343
2021-02-02 18:15:28,"Clinching to my butthole, we out here holding to the moon ğŸŒğŸš€",0.012234342706350146
2021-02-02 18:55:59,"I have some shares on RH but just switched to JPmorgan Chase today through my bank, so I panicked when I saw this and bought 10 more shares!! HOLD ğŸ’ğŸ’ğŸ¤²ğŸ¤²",0.012201511377653875
2021-02-02 18:18:37,Diamond hands joins the $WSB I ain't selling buddy boyos,0.012166319210432349
2021-02-02 17:55:26,Threw 2 Grand in at The Dip. Let's get this! HOLD,0.012086034032116095
2021-02-02 16:35:00,GME to the moon. BUYBUYBUYBUYBUY. All in BABY!,0.012065993443596178
2021-02-02 17:30:02,Wall Street Never Saw the Redditors Coming (Good Journalism still exists!),0.012053855928591045
2021-02-02 19:04:03,It ain't much but it's an honest loss ğŸ’ğŸ™ŒğŸš€,0.012053287296910688
2021-02-02 17:05:05,Bought 8 @ $296 like the dumbass i am. Losing my loss porn virginity,0.012050783163082347
2021-02-02 17:24:02,"""Best thing you can do is hold on to the stock""",0.01202849984089327
2021-02-02 17:52:33,These $amc losses have me sad af...but itâ€™s about the movement,0.01199258745763296
2021-02-02 16:49:52,Hold $GME,0.011985841603873686
2021-02-02 17:13:30,"If everyone can hold, so can I ğŸ’ğŸ™ŒğŸ½",0.011985550768369727
2021-02-02 18:15:55,I paid for this bullshit propaganda machine. Calling wallstreet â€˜braveâ€™ for short selling.,0.011974441565638969
2021-02-02 19:18:29,Am I doing this right? Still HOLDING ğŸ™ŒğŸ’ğŸ’ğŸ™Œ,0.011967085434646522
2021-02-02 19:47:40,"I spoke with an big boy investor today, but I'm just an ape",0.011957512417204778
2021-02-02 18:17:50,Buy dem dips ğŸ¦ ğŸ’ğŸ¤² ğŸš€,0.011913109802600713
2021-02-02 16:35:13,"Panicked at the drop, then gave my balls a tug. Tripled my investment at the sale",0.011891715928026026
2021-02-02 19:17:47,Still Holding and will keep holding until the line because I have ğŸ’ğŸ™Œ and Iâ€™m a ğŸ¦ if I can hold!! You definitely can hold too!!!!! Gme to infinity and beyond!! ğŸš€ğŸš€ğŸš€,0.011890465472097588
2021-02-02 18:06:14,"Aphria/Tilray Merger Arbitrage Opportunity, Plus APHA vs. CGC",0.011886248316728352
2021-02-02 17:39:15,Fully banned from Robinhood after withdrawing all my money (+$50k). Canâ€™t buy shares from any company (see Coca Cola pic). It also took me over 20 attempts to just withdraw $10k yesterday. Took more attempts today.,0.011866697449610664
2021-02-02 17:59:40,YOLO - melvin gonna shit me my first car. HOLDING FOR THE MOON!,0.011825504183876323
2021-02-02 17:42:53,I heard Loss Porn is a thing. Didnâ€™t get burned too bad(~$7k)but at this point Iâ€™ll take GME and AMC to the grave.,0.011751382119743399
2021-02-02 16:30:30,Bought the fucking dip lets go boysssss,0.011749197820589606
2021-02-02 18:05:20,Lowered my Avg Cost by $50 Today ğŸš€ğŸš€ğŸš€ğŸš€ğŸš€,0.011735714181725346
2021-02-02 17:46:34,BBelieve ğŸ’ğŸ’ğŸ’ğŸš€ğŸš€ğŸš€,0.011634789515747724
2021-02-02 19:01:52,Tiny loss to be on the right side of history? Fuck it I love red! Which is also the colour of hedgies' tears! ğŸ’¦ğŸ’¦ğŸ’ğŸ–,0.011577034621823384
2021-02-02 19:39:17,Revolut (banking app Europe) no longer allowing buys of GME or AMC,0.0115752210552773
2021-02-02 19:57:59,Can I be an Ape ???ğŸ¦ğŸ¦ğŸ¦ğŸ™ŒğŸ’ğŸ™ŒğŸ’,0.011572182880887967
2021-02-02 19:55:02,Stilling Holding,0.011561020398939983
2021-02-02 17:40:44,I donâ€™t care if the stock hits 0. This only makes my ğŸ’ğŸ™Œ even harder. Remember one thing everyone. You havenâ€™t truly lost until youâ€™ve sold! ğŸ¦+ğŸŒ(ğŸ™ŒğŸ’)=ğŸš€ğŸ“ˆğŸŒŒğŸ—ğŸ—ğŸ—,0.011548204123293784
2021-02-02 17:28:23,We may be down 50% but that isn't stopping us from holding ğŸ’âœ‹ğŸš€ğŸš€ğŸš€,0.011505745692517928
2021-02-02 17:16:39,Bought more! Do or dieğŸ’ğŸ™ŒğŸ» Holding to my graveâš°ï¸,0.011498510672851644
2021-02-02 19:26:35,ğŸ’ ğŸ’ ğŸ’ âœ‹,0.011439223862224901
2021-02-02 17:21:35,Push it to the moon baby ğŸš€ğŸš€ Iâ€™m with from Montreal city till the end !!!!!,0.011380534375015208
2021-02-02 17:31:49,I see a chance and I took it. When in 100 Shares on GME. Take me to the moon ğŸ’ğŸš€,0.011379578189024702
2021-02-02 18:15:36,"Canâ€™t trust betting on my Raptors any more, but I feel I can trust betting on these HF to be greedy AF. Itâ€™s not much but itâ€™s 43 shares they canâ€™t have. ğŸ’ğŸ™Œ",0.011272119124474459
2021-02-02 19:16:07,"Buy high, sell low. Am I doing it right? ğŸ’âœ‹ Holding tight.",0.011261467959153516
2021-02-02 16:44:35,BUY THE DIP ğŸš€ğŸš€ğŸš€,0.011236755560379974
2021-02-02 17:07:45,RH UPPED THE LIMIT? BOUGHT THE DIP - I'M SMOOTH BRAINED YO ğŸ’ğŸ™ŒğŸš€ğŸš€ğŸš€ğŸš€ğŸš€ğŸš€,0.011210233278443615
2021-02-02 17:31:19,No sell no loss. Hold and buy. Smooth brain tactics ğŸ¦ğŸ’ğŸ™ŒğŸ¼,0.011198746442759514
2021-02-02 18:55:54,Im form Poland and im still hold this one to the end of Milk way..,0.01117761543983042
2021-02-02 17:12:45,"I canâ€™t do much, but itâ€™s my birthday and I want TENDIES!!! ğŸš€ğŸš€ğŸš€ğŸ‚",0.011164938473058285
2021-02-02 19:55:21,Massive inflation in the works?,0.011147552875736351
2021-02-02 17:05:49,Holding strong from the Netherlands ğŸ’ğŸ¤²,0.011120414378056087
2021-02-02 18:42:01,Short Sale Fails in a Nutshell - MM Perspective,0.01102703284522016
2021-02-02 20:02:03,GME - Will go up regardless,0.011014689149996593
2021-02-02 18:41:49,GME holding to the moon from NZ,0.011011854335289907
2021-02-02 18:42:30,YOLO - bought some more on the dip ğŸš€ğŸš€ğŸš€ğŸš€ğŸš€ğŸš€ğŸš€ğŸš€ğŸ’ğŸ™ŒğŸ’ğŸ™Œ,0.010948638742370518
2021-02-02 17:05:04,Still holding AMC. am I bag holding?,0.010948243360133392
2021-02-02 16:29:04,GME down 50%! Guys I am so scared!!!,0.010909388813140101
2021-02-02 17:16:40,"Theyâ€™re trying their hardest to push the fake news, stay strong ğŸš€",0.010703790297037823
2021-02-02 17:04:12,Dumped the money that was meant to go to my uni expenses to join the GME gang!,0.010634737564054777
2021-02-02 16:40:26,20 yrs old holding for my brothers ğŸ¤²ğŸ’ğŸš€ğŸš€ Swipe for a surprise,0.010624417144836243
2021-02-02 19:48:17,Excellent academic paper on clearing and how naked short sellers can fail to deliver with little consequence !,0.01057109772023875
2021-02-02 17:27:36,I ain't even worried ğŸš€ğŸš€ğŸ’ğŸ™Œ,0.010553586673462107
2021-02-02 17:54:20,"I like the stonks, even better when in red / You LOSE ONLY WHEN YOU SELL - so HOOOOOLD",0.010547357941969905
2021-02-02 17:12:13,HOLD TILL WE ALL REACH VALHALLA. HOLD AND DIE FIGHTING HOLDING $GME WITH DIAMOND HANDS.,0.010501013456051565
2021-02-02 17:32:46,CNBC : Mark Cuban says buy GAMESTOP!!! Mark: I never said that. CNBC:,0.010496950715571041
2021-02-02 18:45:30,Dr. Burry calls out possible TSLA insider trading and gamma squeeze manipulation,0.0104744357303419
2021-02-02 17:02:21,Checking in from Canadian Here: Holding ğŸ’ğŸ™Œ I like this stock!ğŸš€ğŸš€ ğŸš€ğŸ’,0.010418171968064978
2021-02-02 19:01:46,Got 100 more during the dip ğŸš€ ğŸŒ™ my fellow ğŸ¦s,0.010371129872696576
2021-02-02 18:32:05,#GME -69.69 gang,0.010320496837576998
2021-02-02 18:15:26,"MUDRICK CAPITAL GAINS $200 MILLION ON AMC, GAMESTOP BETS",0.010290385195833198
2021-02-02 17:15:16,You really think Iâ€™d ğŸ§» ğŸ™Œ this? FOOK NO itâ€™s the MOON OR DEATH ğŸš€ğŸš€ğŸš€ğŸš€ğŸš€ğŸ’ğŸ™ŒğŸ’ğŸ™ŒğŸ’ğŸ™Œ,0.010279725152698463
2021-02-02 19:20:04,For when yâ€™all are thirsty holding the line,0.010275767727764368
2021-02-02 17:02:31,Ughh BB long term! ğŸš€,0.010220853734172398
2021-02-02 17:01:45,Nothing to Lose,0.010188917640186703
2021-02-02 17:03:22,Fricking diamond hands ğŸ’ğŸ‘ğŸ’ğŸ‘,0.010188119343674834
2021-02-02 18:03:40,Two years on this sub.. I am finally in with your retards !,0.010175455969225644
2021-02-02 18:15:00,Letâ€™s do this!!! Just put in,0.010167642383860729
2021-02-02 17:52:58,NOT. FUKKING. LEAVING.,0.01012973115836904
2021-02-02 18:13:41,"Sir, this is a casino.",0.010090451034231908
2021-02-02 18:03:46,Was Down 20K but I still have diamond hands ğŸ’ğŸ™ŒğŸ’ğŸ™ŒğŸš€ğŸš€,0.010090103937804561
2021-02-02 17:57:09,Deleted earlier post with better picture. I'm not selling.,0.010089597592375156
2021-02-02 16:48:50,Good buys this morning. Now closing my trading app for the rest of the week ğŸš€ğŸš€,0.01006654388202839
2021-02-02 16:58:39,"NOT SELLING UNTIL IT REACHES $4,200.69 ğŸ‘ğŸ’ğŸš€",0.010061794335873816
2021-02-02 18:50:58,Monkey Gang Shawty,0.010038098550939066
2021-02-02 16:29:50,I want to officially thank the hedge funds to get the price down lower so I could buy even more GME! Thanks! We all hold to the moon! ğŸš€ğŸš€ğŸš€,0.010037941157863882
2021-02-02 18:09:20,So much red hurt my eyes ğŸ¥²,0.01003105148600208
2021-02-02 18:55:37,"It's not much, but I'm doing my part!",0.010012829400976756
2021-02-02 18:07:18,Some loss tease before the tendies rockets. Im not selling till bank or bust. ğŸš€ğŸš€ğŸš€ğŸš€ğŸš€,0.010010308987451097
2021-02-02 17:22:49,This australian bought GME at the top but you won't see me selling. I will buy more as soon as the brokers in AU allow itğŸ’ğŸ™Œ babyyy,0.009956993397851333
2021-02-02 17:24:08,NEVER GIVE UP!!!! REMEMBER WHAT THEY STOLE FROM YOU!!! DONT LET THEM DO IT AGAIN!!!! Im a retarded crayon eating ape and this is not financial advice.,0.00994104306738218
2021-02-02 19:56:36,"NOK NOK NOKâ€™n on Heavens door, Earnings Thursday ğŸš€",0.009927018077070134
2021-02-02 17:08:24,Bought 15 more at the dip! Weâ€™re still in this!,0.009914208749442476
2021-02-02 16:59:52,Hedge funds/MMs are the OG YOLO retards. DD inside,0.009841671927962528
2021-02-02 17:58:53,"Didn't have much to spare but when I saw the price this morning, I had to buy.",0.009828333754281786
2021-02-02 18:17:20,This is my first loss porn. Hope you like it! Holding by the way ğŸš€,0.009816550503628894
2021-02-02 17:10:23,"The shorts had a garage sale, bought everything I could at the bottom. Retard or rich next week.",0.009715656691576537
2021-02-02 16:30:43,"I might have Red numbers, but I'm still holding. To the mooon!!!!!",0.00964792446741011
2021-02-02 17:46:28,"Proud of my holdings! Iâ€™m down nothing comparing to big boys. But if ever single one in the page sell. Iâ€™ll still stand for what I believe in. So one I can tell my kids to fight for what they believe in till the end, even if no body believes in their cause! ğŸ’ğŸ’ğŸ’.",0.009635449608987106
2021-02-02 16:43:12,ğŸ’ğŸ‘ğŸ¼ WILL PREVAIL! Now Canadian brokerages are halting trading on GME OR ELSE I'D BUY MORE!! ğŸš€ğŸš€ğŸš€ SEE YOU ALL ON THE MOON SOON!,0.009599063681386815
2021-02-02 19:19:00,Steve Cohenâ€™s Point72 Raises $1.5 Billion After Melvin Capital Infusion,0.009557756797500275
2021-02-02 19:58:56,Going YOLO on PLTR ğŸš€ ğŸš€ ğŸš€ ğŸ’« ğŸŒŸ â­ï¸,0.009533406347781001
2021-02-02 17:29:14,Iâ€™m a degenerate and I LOVE it,0.009485287193961644
2021-02-02 18:13:08,"Stonks on sale! Door crashed deals $GME ğŸ’ğŸ‘ğŸ’ğŸ‘ hold strong! If heâ€™s not selling I am not selling, and I bought more!",0.00948377807282161
2021-02-02 17:31:38,"55% loss, I hate money and I like the stock",0.009436240505156368
2021-02-02 17:56:59,"its all i could spare, but it's enough to make the hedgies screech! to the moon we go! ğŸš€ğŸš€ğŸš€ğŸš€",0.009379483393508635
2021-02-02 17:03:26,DID THEY SAY SALE? BROKE COLLEGE STUDENT SAYIN FUCK IT,0.009370162465888192
2021-02-02 21:01:45,Not even close to to late to tap in before the $10 break,0.009320308445865703
2021-02-02 18:41:32,"Long Time Lurker, but now Full-Time Autist",0.0092731692681454
2021-02-02 16:30:42,I HOLD and so can you!,0.009225271492444976
2021-02-02 20:02:02,Silver worms on Twitter.,0.009219238659345232
2021-02-02 16:40:07,If i can hold you can hold. Buy hold buy more,0.009176099980739552
2021-02-02 16:53:34,GME valuation,0.009136995787243132
2021-02-02 16:53:08,Buy hold,0.009121406588732704
2021-02-02 16:40:08,So funny hahahaha,0.009114246465474768
2021-02-02 19:04:16,Purchase of GME in settlement?,0.009089826501876366
2021-02-02 17:22:13,THANKS FOR THE SALE MELVIN!,0.009041137186417839
2021-02-02 17:49:15,"Have FUN you retarded ğŸµ's! Think longer term, pay what YOU believe to be a fair price to watch the show and buy AT GameStop.",0.009012896036161452
2021-02-02 16:30:06,GME - Literally Fake News - Heavy Buying Volume,0.008964628833469688
2021-02-02 19:19:17,No much but ğŸ‘ğŸ»ğŸ’,0.008964620686260241
2021-02-02 18:56:46,Donâ€™t Let The Fire Die Out,0.008950402007672262
2021-02-02 17:49:20,I know it's not much but every one counts,0.008932425373264616
2021-02-02 16:32:21,Holding since 40. Got a loan and bought more in the dip. I like the stock ğŸš€ğŸš€ğŸš€ğŸš€,0.008856064695508944
2021-02-02 16:45:02,"Marc Cuban giving a speech (2021, colorized and animated ) (correct version because I messed up the GIF)",0.008775902878927596
2021-02-02 16:32:51,Im not selling!!!! ğŸ’ ğŸ‘â€™s wya!?,0.008750672683944074
2021-02-02 18:03:50,"No FUD, discuss outlets claiming GME now at 38% short and todayâ€™s short ladder dip and rise",0.008729750580108608
2021-02-02 16:56:26,Ill hold till my grave if I have to. ğŸ’ğŸ‘,0.008709598076324801
2021-02-02 17:13:26,Hey CNBC! How is this for your narrative?,0.008701309724900418
2021-02-02 18:02:43,First time seeing green in my portfolio in a year. Thanks GME,0.008676885454373885
2021-02-02 17:31:30,"Buckle up, retards, and HOLD ğŸ’ğŸ™ŒğŸ» ğŸš€ğŸš€ğŸš€",0.008657421217274001
2021-02-02 18:59:37,A spark,0.008627588841980128
2021-02-02 17:18:49,Dip goes great with tendies. You want these tendies Wall St? This is the price.,0.008614473137529357
2021-02-02 18:49:02,The Journey To Green TENDIES Through Green Energy (ICLN) - Jan 2021,0.008569830727913667
2021-02-02 17:14:54,"""ğŸ’ğŸ¤²"" - Jack Dorsey",0.00854094911722249
2021-02-02 16:33:52,Bought more during dip. IM NOT LEAVING!! ğŸ’ğŸ‘,0.008539252445432076
2021-02-02 16:46:55,Would love to buy but impossibru :(,0.008519154585324464
2021-02-02 19:38:49,ğŸ’ âœ‹,0.00849396721539595
2021-02-02 17:03:38,245 @ $166 average HOLD ğŸ™ŒğŸ»ğŸ’ğŸš€,0.008487989429559858
2021-02-02 17:30:02,Hold my fellow apes! Just doubled down and bought 15 more shares at $120,0.008445376765254873
2021-02-02 18:07:19,"The first L Iâ€™m proud of! Iâ€™ll see it to 0, I donâ€™t care. If it contributes to just one bailed out muppet forced to cover, itâ€™s worth it.",0.00843539406258377
2021-02-02 17:34:41,YOLOâ€™D savings and 401K? âœ”ï¸ 8% battery? âœ”ï¸ Certified Autist? âœ”ï¸,0.008394871033547515
2021-02-02 17:04:23,HOLD!,0.008376889865117332
2021-02-02 16:37:26,"ğŸ’ğŸ™ŒğŸ¼ğŸš€ğŸŒ– we got this, keep it up! I know itâ€™s not much, but iâ€™m doing my part.",0.008343181501454801
2021-02-02 16:28:56,"Joined the party late, If I can hold. You can hold.",0.008327902343017645
2021-02-02 18:00:54,BUY! THE! DIP!,0.008323728407507685
2021-02-02 16:59:35,Robinhood selling a share of GME without my knowledge AT ONE OF THE LOWEST PRICES,0.008281781064463867
2021-02-02 17:08:22,Timed that buy juuust right.... NOT... but HOLDING,0.008237417587881457
2021-02-02 17:52:46,Put half of my Roth IRA I started this year into GME. Weâ€™re stronger together.,0.008232656407202861
2021-02-02 19:27:47,Am I doing this right ?,0.008221645137310225
2021-02-02 18:08:14,Jump on the Loss Porn ğŸ’ ğŸ¤š ... itâ€™s bigger than the $... but damn buying this dip wouldâ€™ve been nice,0.008199105773143093
2021-02-02 16:38:39,"Marc Cuban giving a speech (2021, colorized and animated)",0.008194748058756857
2021-02-02 17:27:17,It ain't much but I'm holding for dear life,0.008188097112770295
2021-02-02 17:16:59,"My broker just executed a margin call to save me from extra-lossesğŸ¤¬ğŸ¤¬ğŸ¤¬ Jokes on you, I'm buying them back after another dip!ğŸ’ğŸ¤²",0.008183734095024807
2021-02-02 18:42:28,I can't buy the dip and have nothing to put my freedom fries into!,0.008180781198656398
2021-02-02 16:41:48,GME ğŸš€ AMD ğŸš€ Melvin and his boyfriend Robinthehood canâ€™t stop us!,0.008166404815991082
2021-02-02 19:57:34,Still Holding and buying the dip. ğŸ’ ğŸ™Œ,0.00814785430101534
2021-02-02 19:28:51,GEVO will be a winner in 2021,0.008141281410221045
2021-02-02 16:35:44,My position on gme adjust 10k yolo,0.008106675119104062
2021-02-02 17:16:27,BUY THAT DIP!,0.008092557025908097
2021-02-02 18:05:44,ğŸ’ğŸ¤²ğŸ’ HOLDing strong,0.008086096521991413
2021-02-02 17:25:49,You donâ€™t lose if you d-donâ€™t sell,0.008058516725219402
2021-02-02 17:11:05,I bought the dip.,0.008049779975249128
2021-02-02 19:19:27,LETS FUCKING GO PAPA B ğŸ’¦ğŸ’¦,0.00804968792542197
2021-02-02 17:39:09,Monkey see monkey do ğŸ™ˆ monkey know to hold ğŸµ and bought for $100 less than what I had planned!,0.007934041501967005
2021-02-02 18:42:00,Mark Cuban Reddit on GMEğŸš€ğŸš€ğŸš€ğŸš€ğŸš€ğŸš€ğŸš€ğŸŒ•,0.007924769579434873
2021-02-02 17:59:26,Exercise Options. ğŸš€ğŸš€ğŸš€ğŸš€ğŸš€,0.007814666128144368
2021-02-02 17:48:17,Loss Porn for yâ€™all. ğŸ’ğŸ’ğŸ’ğŸš€ğŸš€ğŸš€ğŸš€ I still believe.,0.007795553472983435
2021-02-02 18:13:52,I've been waiting a long time for this moment,0.007792299426158338
2021-02-02 16:45:36,"Ask 76, Bid 130. IS IT THE TIME?ğŸš€",0.007775218306475723
2021-02-02 16:57:58,Bought a few more shares in the dip,0.007759779822041731
2021-02-02 17:50:20,Did my part ğŸš€ğŸš€ğŸš€ğŸš€,0.007707372080405779
2021-02-02 16:51:34,"Chose the exact wrong time to get in, but these ğŸ’ğŸ‘ are holding.",0.007695880828843292
2021-02-02 17:33:32,BUY BUY BUY (if you can),0.007647361281123552
2021-02-02 16:45:03,My First Stock Purchase I Wanted to be an ğŸ¦,0.00763170522155896
2021-02-02 19:36:59,What if we transfer the $GME stocks?,0.00758153231705436
2021-02-02 16:59:56,Iâ€™m clueless but all I no itâ€™s HOLLDDDD BABBBYY,0.007484385064749314
2021-02-02 19:00:10,Hehehe,0.0074833812226056005
2021-02-02 16:52:15,"Thanks for the Discount, I like the stock!",0.007454937960742027
2021-02-02 17:53:59,"Well, well, well, Iâ€™m in for the ride long haul! Itâ€™s bound to take off soon, we hit a mad low and now we are ready for a mad high!!",0.007421548775815928
2021-02-02 16:38:43,Oooooooooo baby! i like this stock! ğŸ’ğŸ‘ğŸ’ğŸ‘ğŸš€ğŸš€ğŸš€,0.007389524546665163
2021-02-02 17:55:03,Doing my part. Did Melvin really completely exit all their shorts? Are they trying to make the 3 billion back by shorting these again? Is the squeeze squoze? I dont know any of these things. Buy buy buy,0.00737598938258851
2021-02-02 19:21:53,"This says the short interest of GME is 36%, as of 2pm. If thatâ€™s true, whatâ€™s the actual play if youâ€™re holding?",0.007285538579061548
2021-02-02 16:53:04,Checking in with my small bundle. I know its not much but its my whole savings and im unemployed and have no idea where my next check is coming from but I'm still holding cause I believe 100% in gme.,0.007282089494625511
2021-02-02 17:45:34,Down but not out ğŸ’ğŸ‘...LFG!!!!,0.007277010629763786
2021-02-02 17:26:59,"Well thanks :) I bought gme, bb and amc and this is only 1/4 of what I poured into them.",0.007268389498173959
2021-02-02 17:17:38,Waddayakno'!,0.007262756031900913
2021-02-02 16:31:14,Did it for the boyz,0.007249494724954649
2021-02-02 16:30:27,Ride or die with $GME!! ğŸš€ğŸŒ•ğŸš€ğŸŒ•ğŸ’ğŸ¤š,0.007228968895969025
2021-02-02 16:45:54,Revolut killing me,0.0071461030781294725
2021-02-02 19:56:58,I discovered an effortless way to cover your losses that the 1% donâ€™t want you to know about!,0.007127790759091325
2021-02-02 17:07:51,HOLD THEM SHARESğŸ’ğŸš€,0.007105103687081038
2021-02-02 16:56:16,Add as much leverage as u can until you get a margin call... this is war ladies I am not a financial dushbag; Retard I am,0.007042778613586109
2021-02-02 17:19:02,"It dip, I buy :raised_hands::gem::raised_hands:",0.0070150425665045715
2021-02-02 17:47:20,"GME Up or down, I donâ€™t care.",0.0070076630199829215
2021-02-02 17:52:32,Boomers at WSJ have exonerated Robinhood and said we're stupid for believing hoaxes,0.006852320139729096
2021-02-02 17:59:27,ğŸ‡«ğŸ‡· Pay Day = more GME ! ğŸ’ğŸ¤²ğŸ¦,0.006838440136291122
2021-02-02 19:19:47,I made money! ....Sort of...,0.006832427826038814
2021-02-02 17:51:28,"It's not much, but I'm aboard the train!",0.006814961501371237
2021-02-02 16:57:27,Got 'em on their heels,0.006742378116953577
2021-02-02 17:38:36,Bought $800c April 2021. GMEğŸš€âš°ï¸,0.006714157201041043
2021-02-02 17:12:31,Valar Morgholdis.,0.006678091526963406
2021-02-02 17:14:40,What does that mean?? RISE $GME (with sound),0.006668159110876386
2021-02-02 17:07:44,"Been holding since before 420, bought the dip cuz I like the stock, is not much but itâ€™s honest work (was gonna buy more but my broker had issues and lost the dips dip)ğŸ’ğŸ™ŒğŸ»",0.006614273378289475
2021-02-02 16:41:20,Hey they are on our side guys ğŸ˜‚ğŸ˜‚,0.006584361000555993
2021-02-02 19:40:59,It takes brass balls to short a meme stock.,0.006579102986285584
2021-02-02 17:03:27,Theory - the drop yesterday was in part due to institutional monthly rebalancing,0.0065664023721336475
2021-02-02 17:46:07,To the ğŸŒ baby! ğŸš€ ğŸš€ ğŸš€,0.006550646828741936
2021-02-02 17:09:40,lol,0.0064575552309300375
2021-02-02 19:18:34,Buying Call Options: Remember how this all started and how this will finish,0.006448762214063731
2021-02-02 16:30:25,"Buy the dip for 13.37% gains ğŸ¦ğŸ’ğŸ™ŒğŸ¼ still at a loss, but I'm ready for the ğŸš€ğŸŒ•",0.006445054080647683
2021-02-02 17:37:03,Everyone should tweet at this guy for spreading misinformation,0.006426593588566507
2021-02-02 17:26:34,"Exxon Mobil reports a $20 billion loss, fourth-straight quarter in the red. But the stock blows up anyways?!?!? ğŸ¤·â€â™‚ï¸ ğŸ¤” welcome to stonks",0.0063478255846481264
2021-02-02 16:39:12,â€¼ï¸â€¼ï¸ğŸ»ğŸ»THANKS GUYSğŸ»ğŸ»â€¼ï¸â€¼ï¸,0.0062830959906107564
2021-02-02 16:34:07,GME and a rigged horse race,0.006227152699055528
2021-02-02 16:54:48,TO THE MOON,0.006209178876636484
2021-02-02 17:35:28,Nasdaq Short Interest Publication Schedule. On Feb 9 we know.,0.006063527932037887
2021-02-02 17:37:48,Going strong! ğŸš€ğŸš€ğŸš€,0.006051496117379852
2021-02-02 17:46:02,ğŸ’ğŸ™Œ,0.006050620773408292
2021-02-02 18:18:50,Yippee-Ki-AyğŸš€ğŸš€ğŸš€ğŸš€ğŸš€ğŸš€ğŸš€ğŸš€ ğŸ’ğŸ¤š,0.006041471576980122
2021-02-02 16:52:53,Robinhood Rejecting Limit Sells!!,0.006031253262336171
2021-02-02 17:45:25,I like the red colour,0.005949489941239726
2021-02-02 19:42:40,ETFs being sketchy with GME,0.00592080595274064
2021-02-02 16:49:35,Hey there Gayvin! Fk U!,0.005889251870654199
2021-02-02 17:14:17,"Robotic, Emotionless, Tactical, Algorithmic, Responsive, Dynamic",0.005869772192136163
2021-02-02 17:08:31,Look at this add on the reddit app ğŸ˜­ğŸ¤£ğŸ¤£ğŸ¤£,0.005727905852355668
2021-02-02 17:15:29,CALLAWAYğŸŒï¸â€â™‚ï¸$ELY EARNINGS PLAY!!!ğŸ”¥ğŸš€ğŸŒ•,0.005612367683038936
2021-02-02 18:58:25,Big money or out 2k,0.005568593720269638
2021-02-02 17:22:19,GME cup and handle pattern?,0.005560548615397698
2021-02-02 18:03:35,Has anyone done the math? Short position vs interest cost?,0.005539473042880014
2021-02-02 17:01:57,3 TRADES HALTED $GME at 10:56:45 AM EST,0.005370540890403576
2021-02-02 16:29:57,AMC Yolo update - 2/2/21 Still holding.,0.005351813241645138
2021-02-02 17:51:22,Delicious.,0.00527889700257454
2021-02-02 17:10:54,In it for the Lambo,0.005221240262982205
2021-02-02 17:00:54,Take my money.,0.005212254596143911
2021-02-02 18:02:54,Dropped my Last $900 On this...... So YOLO,0.005157027992210614
2021-02-02 18:09:46,Diamond hands are forged by smart decisions,0.005074769320793086
2021-02-02 17:24:41,Its a message from the Casino God himself! 777,0.004945347259248921
2021-02-02 17:54:35,Theory vs Practice,0.004934262739522021
2021-02-02 18:05:52,How I spend my Student Days,0.004781662943731166
2021-02-02 17:50:27,TLRY YOLO update,0.004745811875476472
2021-02-02 16:37:04,Is this how you DCA? ğŸ’ğŸ™Œ $GME,0.004690524802339105
2021-02-02 16:35:20,Leggooo,0.004599286332204596
2021-02-02 17:24:31,Viking tapped out?,0.004492404099574584
2021-02-02 17:41:53,I think my favorite color is red. Minuscule loss since I only got two shares but I ainâ€™t fuckin sellin,0.00446650527757285
2021-02-02 17:13:20,Im a retard looking for dem tendies UwU,0.004420085571659086
2021-02-02 20:02:59,UUP and Liquidity Crisis,0.004418019766407704
2021-02-02 17:37:29,Understanding Short Interest: The most important post you will downvote all day.,0.004372756760070151
2021-02-02 17:31:09,Now AMC is broke,0.004244522214284751
2021-02-02 17:43:23,"RH restricted my account bcos of a mistaken reversal. Best thing to happen to my RH portfolio. Finally broke past my ATH. I think there is a lesson here somewhere for me, but nah! Looking for my next YOLO!",0.003926740838263557
2021-02-02 17:48:07,I know we hate RH and there algorithms are inaccurate but hey...Best $10 Iâ€™ve ever spent,0.003852635757813101
2021-02-02 16:56:00,Wealth Simple knows whatâ€™s up. Knows my sell limit is too low and wonâ€™t let me make that mistake. RespectğŸš€,0.003849503588332802
2021-02-02 17:01:11,HELLLLLOOOOO MODS (again) PLS READ THIS FOR FUKSAKE,0.0037273282482129548
2021-02-02 18:19:20,eurofag needs help,0.003675419617094575
2021-02-02 17:01:30,Any Hedgefunds out there please buy these puts I bought as a joke weeks ago. (Trying to pull a quick one on the shorties out there),0.0036642768489647186
2021-02-02 16:30:03,PIN THIS: We got duped Wed 1/27 10:20 AM,0.003488957320262188
2021-02-02 16:34:56,Gains!!!!,0.0034290869618182267
2021-02-02 17:50:02,Wanting to know if these will print tendies,0.003382698816316393
2021-02-02 17:48:56,$TLRY. ğŸš€ğŸš€ğŸš€ğŸš€ğŸš€,0.0031116289939634154
2021-02-02 17:38:15,"My small YOLO + losses, hold <- not investment advise",0.0030322670496306875
2021-02-02 17:11:45,â€”â€”â€”â€”â€” Update: CANOO - $GOEV - $28k YOLO â€”â€”-,0.002974108735070656
2021-02-02 17:26:28,ICLN: Whatâ€™s behind the $10M options play,0.002870333927878162
2021-02-02 18:07:56,$BABA earnings 2/2/2021,0.0025114228441719924
2021-02-02 17:41:38,"My Theory on Last Thursday, and how I believe RH failed its users",0.002433311497227642
2021-02-02 17:47:55,So whatcha thinking,0.0021753903882951054
2021-02-02 16:35:04,Went below my average....sold my shares.. to buy a call option.. HOLD ğŸ’ ğŸ™Œ,0.0018991749161412544
2021-02-02 18:39:40,TTCF Long and Potential Earnings Play,0.0018085476520682368
2021-02-02 19:23:21,Anyone playing SONY (SNE) earnings??,0.0016061992198306112
2021-02-02 17:50:25,$AMZN holding for earnings 2 calls Feb 19th $3140,0.0014404487443854604
2021-02-02 16:53:23,AN ANTHEM FOR ALL YOU DIAMOND HANDED APES !! TO THE MOON !!,0.0013794120218126032
2021-02-02 18:41:20,$MACE - Mace Security International DD,0.0012575916003979152
2021-02-02 17:41:26,"I want to hold, but my hands are wavering.",0.0007292836194818826
2021-02-02 20:21:12,$APHA $TLRY DD,0.0007259850253371951
2021-02-02 19:00:25,"This will go down in the history, and in the end someone will drown in debt.",0.0005261857828513558
2021-02-02 19:16:45,WSB POTENTIAL FOR ACTIVISM IN GME?,0.0001510145666117002
2021-02-02 17:56:20,"ğŸš€ BUY GME STONKS - Used one crayon for this, then ate the rest ğŸ¦ ğŸš€",8.736006630051306e-05
2021-02-02 21:03:31,GME 700 Shares; I'm in!,0.0
2021-02-02 20:56:38,Can we go back to options,0.0
2021-02-02 20:42:12,Took out students for this. Puts go brrrrrrrrrr,0.0
2021-02-02 20:40:48,Aurinia Pharmaceuticals (AUPH) potential buyout super cheap call options Turn 2.5k into 300k,0.0
2021-02-02 20:24:13,"Gain porn followed by 1.5M loss porn. Thanks for the ride, DFV, and congrats to whoever knew enough to sell Friday.",0.0
2021-02-02 20:15:53,Elon Musk trying to distract retail from Silver with recent tweets - $TSLA $SLV connection,0.0
2021-02-02 20:14:16,CORSAIR TO THE MOON?!ğŸš€ğŸš€ğŸš€,0.0
2021-02-02 20:13:07,brothers. sell your gme. it will fill the gap at $64ish tomorrow. get out while you can.,0.0
2021-02-02 20:11:11,$TPTW GETTING HUGE EXPOSURE SUPER SUNDAY NASDAQ FAST WITH THAT FLOAT. I DONT HOLD GRUDGES DO DD. DONT BE A SHEEP.,0.0
2021-02-02 20:07:53,"If DFV doesn't add any positions using the 13mil he has sitting in cash, then this run is over",0.0
2021-02-02 19:49:29,YOLO! get in CRSR retards. Make your money back,0.0
2021-02-02 19:41:09,"I bought a NOK option like someone suggest a while back, total waste of money ğŸ™ˆ",0.0
2021-02-02 19:38:39,"65% loss - I blew up the account, sold everything today and transferred it to VOO. It is okay to sell. Donâ€™t let people pressure you not to.",0.0
2021-02-02 19:22:08,Do not be the LAST person holding the bag,0.0
2021-02-02 19:15:27,Recoup your losses!!! Or put it in my pocket... GME isnâ€™t worth $105 even if they change their business model,0.0
2021-02-02 19:14:30,Stop posting about gme,0.0
2021-02-02 19:08:38,Buy High Sell Low $GME,0.0
2021-02-02 19:08:07,What happed to SLV?,0.0
2021-02-02 19:02:15,"These ""paper hands"" are filled with money.",0.0
2021-02-02 19:02:06,Reverse gamma squeeze incoming,0.0
2021-02-02 18:56:56,"VW & GME volume charts. Time to end the Qspiracies and sanity to come back. The mysterious Viking has left the battle, shorts are largely covered and retail is selling/ losing interest. What is there left to hold for?",0.0
2021-02-02 18:55:48,A simpleton's case for why EXPI can go up 100%+ in the near future.,0.0
2021-02-02 18:55:02,Buying Put Options On GME?,0.0
2021-02-02 18:54:48,Who Really Benefited From the GameStop Bubble?,0.0
2021-02-02 18:41:19,[GME] - Past Week in Review,0.0
2021-02-02 18:39:32,GME IS A FUCKING PYRAMID SCHEME,0.0
2021-02-02 18:25:37,"The courts have screwed so many with AMRN, lets get it all back",0.0
2021-02-02 18:05:39,"Weedmaps, is the future Shopify of cannabis and potential multibagger",0.0
2021-02-02 18:02:49,Why holding GME will cause $rope to gamma squeeze,0.0
2021-02-02 17:44:04,IFF - Update - Great short Squeeze opportunity.,0.0
2021-02-02 17:43:42,Geely Gang and flying cars,0.0
2021-02-02 17:36:53,NKLA Short Squeeze Thread. (Calm before the storm),0.0
2021-02-02 17:32:37,"Hcmc, I like this stock. I yoloâ€™d into this yesterday and got diamond hands ğŸ’ğŸ¤²ğŸ½ fuck big tobacco and Wall Street",0.0
2021-02-02 17:31:45,Loss porn,0.0
2021-02-02 17:29:50,Lesson for GME Braveheart Holders: FAANG stonk grooming vs. Wolf of WallSt p&d,0.0
2021-02-02 17:15:30,"A bit of GME loss porn (YUMMY!), overall up 10k. I still do think there maybe serious money to be made but I am out. Good luck to those who are holding.",0.0
2021-02-02 17:03:02,Some big video game news!,0.0
2021-02-02 16:59:27,"Fuck the comex, Why the silver longs, and Eric Sprott, can defeat the silver shorts â€“ an education in 4D chess",0.0
