1612279140.0,1,YarnOfEldritch,"Revolut has restricted $GME and $AMC stock buying, only selling is allowed",,laxxrw,<praw.models.comment_forest.CommentForest object at 0x0DB92A48>
1612279140.0,1,Relative_Dare7885,Revolut stopped offering buys. Only selling is now allowed,"&#x200B;

https://preview.redd.it/zffqnb8zz2f61.jpg?width=1064&format=pjpg&auto=webp&s=0b1751c3e4fc77920005eab278f6eae4f69649d0",laxxrp,<praw.models.comment_forest.CommentForest object at 0x0DB92B38>
1612279139.0,1,Nyvkroft,The more they make me lose the more I hold. ğŸ¦ğŸ’ğŸ™ŒğŸš€,,laxxr6,<praw.models.comment_forest.CommentForest object at 0x0DB92BB0>
1612279136.0,1,Popular-Engine3435,"Waiting for green, holding ğŸš€ğŸš€ğŸš€ğŸš€ğŸš€ May as well be a retard after buying at 20 then getting out at 160, back again",,laxxon,<praw.models.comment_forest.CommentForest object at 0x0DB92D90>
1612279130.0,1,matti644,"Finnish retards student debt melting away, made the only sensible thing and bought the dip ğŸ’ğŸ‘",,laxxly,<praw.models.comment_forest.CommentForest object at 0x0DB92B80>
1612279129.0,1,Tripleh280,Montreal is not selling! Holding the line even in the snow!,,laxxlc,<praw.models.comment_forest.CommentForest object at 0x0DB92EB0>
1612279119.0,2,TwitchTypey,All in on GME Lets go to the Moon *insert rocket emjoi*,,laxxgj,<praw.models.comment_forest.CommentForest object at 0x0DB92490>
1612279110.0,6,thabat,"Ye can take away me price, but ye can't take away me holdings",,laxxbi,<praw.models.comment_forest.CommentForest object at 0x0DB924F0>
1612279106.0,8,One_Roll193,its not loss until you lose,,laxx9n,<praw.models.comment_forest.CommentForest object at 0x0DB92460>
1612279100.0,8,Electrical_Intention,HOLD IT TO THE MOON ğŸš€ğŸš€ğŸš€ğŸš€,,laxx6l,<praw.models.comment_forest.CommentForest object at 0x0DB92CA0>
1612279097.0,1,PositiveSession,some loss porn for you all also HF read this LOL!,"dear hedgefunds you might care a lot about your money which is clear from the short attacks you are doing but i don't i've been broke the last 3 years eating ramen noodles every day and i bounced back from it. i can tell you its not that bad so when you decide to cover your shorts i recommend Yum-Yum instant chicken ramen noodles. if i lose this bet its whatever for me this whole 28K can go fucking down the drain i'll eat my chicken noodles and have a wank over your wife. heck you know what going to throw another 10K in there as my wife already hates me anyway. hell i might even sell my runescape GP to buy more stocks thats how much of retard i am. hold the fucking line i ain't selling neither should you unless you like YUM YUM instant ramen noodles.

Edit: first post got removed...

https://preview.redd.it/eb1mjriyz2f61.png?width=1788&format=png&auto=webp&s=d3e92fe6f50fbaf44e576bcc18bb0a6a0c9663bc",laxx4r,<praw.models.comment_forest.CommentForest object at 0x0DB92F40>
1612279091.0,6,nicklovin508,ğŸ§» ğŸ¤š,,laxx18,<praw.models.comment_forest.CommentForest object at 0x0DC09190>
1612279080.0,11,Ducky_Salvator,"At this point, what have I got to lose by holding?",,laxwup,<praw.models.comment_forest.CommentForest object at 0x0DC093B8>
1612279063.0,9,BrutteRex,Cant buy anymore on Revolut but i am a retard and i like stocks. Still holding. To the moon ğŸš€ğŸš€ğŸ’ğŸ’,,laxwm7,<praw.models.comment_forest.CommentForest object at 0x0DC09448>
1612279063.0,15,Quicksilver7424,Mark Cuban Most Important Response," 

Q: Why is the stock plummeting so much?

Cuban:

""Supply and Demand, but in this case it literally could be because the source of demand has been crippled . When RH shut it down, then cut it back, lets put aside why, they cut of the greatest source of demand. They created a RobinHood Dive. No RH buyers, means sellers lower their price to find buyers. And they keep on lowering it till they find buyers. Keep the most natural buyers out of the market and the price keeps on FALLING.

Then that drop accelerates because the more the stock falls the more owners who bought on margin get margin calls. When that margin call happens, its brutal. They just take your stock, send you a fuck you note and sell your stock at the market price, no matter how low. They just want to get your cash to pay back the loan.

That then accelerates the selling.

Which then leads to what we are seeing in the market right now with GME in particular

So what to do ?

If you can afford to hold the stock, you hold. I dont own it, but thats what i would do.

Why ? because when RH and the other online brokers open it back up to buyers, then we will see what WSB is really made of. That is when you get to make it all work.

I have no doubt that there are funds and big players that have shorted this stock again thinking they are smarter than everyone on WSB.

I know you are going to hate to hear this, but the lower it goes, the more powerful WSB can be stepping up to buy the stock again. The only question is what broker do you use . Do you stay with RH , who is going to have the same liquidity problems over and over again, or do you as a group find a broker with a far, far, far better balance sheet that wont cut you off and then go ham on Wall Street.""

Would really appreciate if he could put his money where his mouth is , but nonetheless I'm sure we all appreciate his public support and guidance.",laxwm3,<praw.models.comment_forest.CommentForest object at 0x0DC09100>
