time,upvotes,title,body
1619091086.0,72,TSLA YOLO to mars,
1619085618.0,69,"Daily Discussion Thread for April 22, 2021","Your daily trading discussion thread. Please keep the shitposting to a minimum. 

^Navigate ^WSB |^We ^recommend ^best ^daily ^DD
:--|:--                                 
**DD** | [All](https://reddit.com/r/wallstreetbets/search?sort=new&restrict_sr=on&q=flair%3ADD) / [**Best Daily**](https://www.reddit.com/r/wallstreetbets/search?sort=top&q=flair%3ADD&restrict_sr=on&t=day) / [Best Weekly](https://www.reddit.com/r/wallstreetbets/search?sort=top&q=flair%3ADD&restrict_sr=on&t=week)
**Discussion** | [All](https://reddit.com/r/wallstreetbets/search?sort=new&restrict_sr=on&q=flair%3ADiscussion) / [**Best Daily**](https://www.reddit.com/r/wallstreetbets/search?sort=top&q=flair%3ADiscussion&restrict_sr=on&t=day) / [Best Weekly](https://www.reddit.com/r/wallstreetbets/search?sort=top&q=flair%3ADiscussion&restrict_sr=on&t=week)
**YOLO** | [All](https://reddit.com/r/wallstreetbets/search?sort=new&restrict_sr=on&q=flair%3AYOLO) / [**Best Daily**](https://www.reddit.com/r/wallstreetbets/search?sort=top&q=flair%3AYOLO&restrict_sr=on&t=day) / [Best Weekly](https://www.reddit.com/r/wallstreetbets/search?sort=top&q=flair%3AYOLO&restrict_sr=on&t=week)
**Gain** | [All](https://reddit.com/r/wallstreetbets/search?sort=new&restrict_sr=on&q=flair%3AGain) / [**Best Daily**](https://www.reddit.com/r/wallstreetbets/search?sort=top&q=flair%3AGain&restrict_sr=on&t=day) / [Best Weekly](https://www.reddit.com/r/wallstreetbets/search?sort=top&q=flair%3AGain&restrict_sr=on&t=week)
**Loss** | [All](https://reddit.com/r/wallstreetbets/search?sort=new&restrict_sr=on&q=flair%3ALoss) / [**Best Daily**](https://www.reddit.com/r/wallstreetbets/search?sort=top&q=flair%3ALoss&restrict_sr=on&t=day) / [Best Weekly](https://www.reddit.com/r/wallstreetbets/search?sort=top&q=flair%3ALoss&restrict_sr=on&t=week)


[Weekly Earnings Discussion Thread](https://www.reddit.com/r/wallstreetbets/search?sort=new&restrict_sr=on&q=flair%3A%22Earnings%20Thread%22)

**Read the [rules](https://www.reddit.com/r/wallstreetbets/wiki/contentguide) and make sure other people follow them.**

Try [No Meme Mode](https://www.reddit.com/r/wallstreetbets/search/?q=-flair%3AMeme%20-flair%3ASatire%20-flair%3AShitpost&restrict_sr=1&t=day&sort=hot), also accessible through the top bar.

Follow [@Official_WSB](https://twitter.com/Official_WSB) on Twitter, all other accounts are impersonators."
1619078177.0,522,SEC considering more transparent derivatives and short selling rules,
1619073859.0,19,169k ALL IN ARKK,
1619067503.0,270,Credit Suisse reports $275 million first-quarter loss after Archegos hedge fund scandal,
1619065096.0,10,SPCE Why I Think We Fly in May! Smol DD,"Fellow Apes and Space Monkees,

I have seen the FUD and üåàüêª Chads on the Roam.

Ignore all that fuzz and dig this DD.

None of the Fundamentals have changed since February and that the biggest thing.

I honestly believe they will continue on with the S2 Flight Schedule and head for the Moon.

Here are a few simple reasons

1. They want to begin sales in 2022 and the S3 won't be ready by then, the S3 really only has minor improvements anyways. One of them being turn around time. I personally think the S3 is not nearly as ready as people think it is ( hence the CGI interior, which may be why LAND ROVER is partnering with them for some Dope Comfy Interior's ), and it still needs a lot of work.
2. They already invested a ton of money into a working S2 Ship/Plane, they are going to want tomake their money back on that. They may even use both the S2 and S3 next year to maximizethe amount of Flights they can do. Building these planes isn't fast and each individual planeneeds rigorous testing.

They have put a ton of work into the S2 and the S3 has been around for awhile now they didn't build it over night. If they planned on canceling this May flight they wouldn't have said anything about flying at all. They aren't stupid even if we don't respect/like their decisions.

Could they use a better PR department and someone to handle their Social Media? Yes!

They just announced a partnership with Land Rover. ( Which I think isn't getting enough attention )

SpaceX would do the same thing, they would use their working models while they test on newer models and rotate them out when they are no longer efficient to use.

This is not financial advice I am a low tier tard with big dreams and smol memes.

\#1 Investor all of Kazakhstan!

Positions: 241 6/18 50c SPCE

[https://imgur.com/a/Cb5f5kM](https://imgur.com/a/Cb5f5kM)"
1619064188.0,10,Why $PTON is going to bounce back hard,"With current events of negative light coming to Peloton due to operator negligence, their stocks have dropped significantly. I want to remind everyone why their stocks will not only soar back up to the $150 mark, but why it'll go even further than that. 

First off, as the pandemic hit and caused everyone to be forced to stay at home, the desire for residential fitness equipment skyrocketed. Even till today, residential and commercial customers are still having a hard time getting their hands on new dumbbells and strength equipment. Peloton monopolized hard on this pandemic not only by selling a shit ton of residential equipment such as spin bikes and treadmills, but by also requiring a pretty hefty subscription based service to use them. Something around $39 a month. 

Second off, during late last year they made the financial decision to buy out a MAJOR fitness company that has been making commercial treadmills, ellipticals, upright and recumbent bikes, and several different strength equipment for 40 years. Peloton bought out Precor, along with all of their factories. Gyms will still be buying Precor simply for the name. Most gyms once they have a brand they like, keep buying that same brand for everything. Precor will still be a heavily demanded product. 

Peloton now has their hands dipped into a massive chunk of the fitness market, both residential and commercial. And with their residential side also pulling in all those subscription based fees, they aren't short for money anywhere. 

As for the recent accidents involving Peloton treadmills, all treadmills are dangerous and can kill you. This isn't something unique to Peloton. I don't care if they have roller guards on them or not, there is not one single treadmill out there that will protect you, a child, a pet, or any item from being sucked underneath the belt. 

If you want to prevent unnessary injury or death, remove your safety key from the treadmill when not in use if you live with children. Fitness equipment are not toys. 

Peloton will bounce back from this, and when they do, they will still be neck deep in both the residential and the commercial markets."
1619063235.0,92,World‚Äôs Biggest Stock Owner (Norway‚Äôs $1.3 trillion wealth fund) Says Banks Displaced Tech as Winners,
1619062128.0,13,$XM Qualtrics SMASHES forecasts today - Up 14% after market,"So much of what gets posted here is some stock with incredible growth potential and very little real value, like a bet on the roulette table on 35 black. 

Qualtrics is definitely NOT that type of company. So what do they do? They operate in a new SaaS (software as a service) category that uses AI and deep learning to bridge the experiences between business, employees, consumers and products. It‚Äôs a cloud platform that helps businesses grow, engage employees in a positive work culture, customers spend more and companies develop better products. Right? BORING.

Here‚Äôs what you need to know: they IPOd last year and are severely undervalued. Over 13,500 companies and organizations use XM, including more than 75% of the Fortune 100 companies. Q1 subscription revenue is up to $186M, up 46% YoY. And forward guidance is super juicy. Remaining performance obligations total $1.1B, which is up 77% YoY. If you don‚Äôt already know, performance obligations are contractual agreements to delivery services for revenue, a peek into future earnings. Fair value is $154.71 according to DCF modelling.

And BTW don‚Äôt confuse this ticker with Sirius XM Holdings LOLLLL

This is not financial advice. I‚Äôm not an advisor. I do have a long position in the company.

Edit: wording"
1619061941.0,23,$VIAC taking off!!!! Rocket üöÄ Don‚Äôt miss it out before opening!,
1619060844.0,47,In Ketchup and Kraft singles I trust: boomer update 3,
1619058287.0,324,"Decided to start selling GME puts, here's how the first 2 weeks went",
1619058250.0,40,VIAC - 50 Contracts (not sold yet) - Just bought today Morning - YOLO,
1619058242.0,178,Credit Suisse‚Äôs Exposure to Archegos Investments Grew to More Than $20 Billion,
1619057085.0,2,QS to the moon!,
1619056935.0,152,Averaging down MVIS calls since 3/2,
1619056515.0,13,Sorrento Therapeutics $SRNE: an undervalued biotech growth stock to put your squeeze money into,"1.) I have done research and comparisons with other 10 small bio  pharmaceuticals whose pipelines are similar or lot less and their  revenue is less than 25 millions per year. They all have have market cap  15B or more.  
If you take sorrento as a 15B market  cap sp should be north of $47. Currently it shows 2B market cap only so  Sorrento‚Äôs sp  shows only  13% of its value.-yahoo message board

2.)Sorrento Announces Positive Results of Phase 1b Study of COVI-MSC‚Ñ¢  Treatment of ICU Covid-19 Patients, Achieving 100% (10 out 10) Discharge  Rate. PR from 4/20/21

3.) Analyst Price Targets range from $19-35

4.) shorted by Hindenburg research group back in the summer of 2020. Consistently top 25-30 in most shorted stocks

5. CEO's goal is to have 200-300 market cap in 3-5 years. It's at 2 billion right now. 

6.) $34 million dollar deal from DARPA for COVI-drops study

7.) Pending ANP acquisition for Covi-Stix --> more DARPA/DOD funding

8.) Largest gMAB library in the world=holy grail of medicine

9.) Deal with Mayo Clinic for dar-t, car-t; $JUNO buyout comes to mind...."
1619055585.0,413,"I was up $30k on GME calls but have been buyin weekly FDs waiting for it to break $500...still buying. GME 4/23 $690 call, 4/30 $250 call, GME 4/30 $500 call, GME 5/21 $430 call checking in for duty, sir! üöÄüöÄüöÄ",
1619054669.0,27944,What would you say you do here?,
1619054504.0,19,Infrastructure Play. Valmont will continue to run with Biden‚Äôs infrastructure spending. üöÄüõ∏üõ∞,
1619052067.0,1195,Lord Cohen giveth and he taketh away,
1619051902.0,290,What stocks to buy before Russia invades Ukraine?,"Alright so I'm already holding $RTX (raytheon) calls which made me a handsome profit so far but I bought it cause it was undervalued anyways. Now I'm hearing Russia might do another Crimea moment and I want to get rich off of it at least before ww3 kicks off and we all get exploded by nukes.

 What stocks should I buy? $LMT is too expensive for me personally to get non-retarded calls but I'd say that can be added to the list anyways. It's a great stock. $BA jumps out at me too."
1619051522.0,337,"That's it bois, MVIS is the play......",
1619051494.0,57,UWMC YOLO!! Earnings coming up May 5th. Last time it ran to 12.50 pre earnings. This is a steal at this price!!!,
1619050560.0,0,FSR YOLO,
1619048762.0,761,10 million strong,
1619046474.0,58,UWMC Yolo 2nd update now i know you bag holders are feeling. im still holding! there will be good days ahead of us!,
1619045376.0,462,MVIS 172k YOLO Update: can afford tendies,
1619044323.0,30,$SKLZ - YOLO UPDATE 04/21,
1619041432.0,18,Taking a YOLO on fuboTV. Is this the way?,
1619040428.0,30,üê∞ YOLO,
1619039399.0,75,In Pap√° Elon we trust. ER run-up just getting started üõ∏üåù,
1619037617.0,19,"QuantumScape (QS) lock-up expiry April 24, Puts go Brrrrrr!!!"," 

[https://www.sec.gov/Archives/edgar/data/1811414/000156459020042442/kcac-ex103\_63.htm](https://www.sec.gov/Archives/edgar/data/1811414/000156459020042442/kcac-ex103_63.htm)

[https://www.sec.gov/Archives/edgar/data/1811414/000119312520326213/d53940ds1a.htm](https://www.sec.gov/Archives/edgar/data/1811414/000119312520326213/d53940ds1a.htm)

The lock-up period for QS New holders (but not officers/directors) expires April 24th and the first market day after is Monday, April 26th.

The last lock up Expiration of the PIPE shares on Jan 4th led to a slide from $84.45 to $49.96 (\~40%)

In addition, QS has the Scorpion capital short report going against them.

It appears pretty damning overall, not that QS is a scam as Scorpion claims but that QS is certainly hiding issues with the technology (dendrite formation, the thickness of membrane, failing to disclose Columbus ratio, etc).

I don't want to go into personal feelings on shorts, but as a biochemist and student of battery tech; the complaints certainly have some merit.  
On the other hand, a company working on battery tech with BILLIONS of $ in potential earnings would certainly be secretive about some things, especially new solutions to old and expensive problems.

Market Cap 12.763B with no sellable product and their own timetable (heavily challenged by experts) is a claimed 4 years with experts weighing in at 8 years min and 10-12 likely.

History:  
Up 9% today  
Down 17% over 5 days  
Down 43% over 30 days  
Up 136% over 6M  
Up 239% over 1Y

Down 60% YTD

I purchased some puts (they are not cheap due to IV) 5/21 33p with plans to unload late next week as lock-up Expiry crashes the price. They were a slight discount today IMO due to the stock being up 9%.

I am not overly interested in the long-term prospects and my doesn't really consider the long-term technology value, just the lock expiry and the recent short report as well.

If the holders are 100% confident,, it wont go well.

If the current employees feel anything close to previous employees/Scorpion capital, it will pay quite nicely.

A 40% drop would put it at \~20$ and a 33p would print at over $900 profit (intrinsic+ value - premium).   


Probably unrealistic due to the deep-pocketed backers but even a 10% drop would put it at 29.70.   


Current prices o options are pricey due to IV and my breakeven is $28.59 on 5/21 (but I plan on dumping next week.   


  
**TL;DR: QS puts go Brrrrrrrrrrr**"
1619037420.0,113,"Lost $26k on PTON FDs, put the rest of my net worth on OTM GME calls expiring Friday to be safe. I‚Äôd say I will be either rich or moving back with my parents but my parents think I‚Äôm too retarded and won‚Äôt take me.",
1619037413.0,35,VIAC YOLO update. The shorties are finally running and it‚Äôs time for the bulls to shine.,
1619037054.0,32,forgot to close my position üôÉ gl to me,
1619035897.0,62,VIAC YOLO Update,
1619035523.0,110,Per Request: RKT 630k YOLO Update.. Earningss INCOMMINNGGG!!,
1619035214.0,381,"What Are Your Moves Tomorrow, April 22, 2021","Your daily trading discussion thread. Please keep the shitposting to a minimum. 

^Navigate ^WSB|^We ^recommend ^best ^daily ^DD
:--|:--                                 
**DD** | [All](https://reddit.com/r/wallstreetbets/search?sort=new&restrict_sr=on&q=flair%3ADD) / [**Best Daily**](https://www.reddit.com/r/wallstreetbets/search?sort=top&q=flair%3ADD&restrict_sr=on&t=day) / [Best Weekly](https://www.reddit.com/r/wallstreetbets/search?sort=top&q=flair%3ADD&restrict_sr=on&t=week)
**Discussion** | [All](https://reddit.com/r/wallstreetbets/search?sort=new&restrict_sr=on&q=flair%3ADiscussion) / [**Best Daily**](https://www.reddit.com/r/wallstreetbets/search?sort=top&q=flair%3ADiscussion&restrict_sr=on&t=day) / [Best Weekly](https://www.reddit.com/r/wallstreetbets/search?sort=top&q=flair%3ADiscussion&restrict_sr=on&t=week)
**YOLO** | [All](https://reddit.com/r/wallstreetbets/search?sort=new&restrict_sr=on&q=flair%3AYOLO) / [**Best Daily**](https://www.reddit.com/r/wallstreetbets/search?sort=top&q=flair%3AYOLO&restrict_sr=on&t=day) / [Best Weekly](https://www.reddit.com/r/wallstreetbets/search?sort=top&q=flair%3AYOLO&restrict_sr=on&t=week)
**Gain** | [All](https://reddit.com/r/wallstreetbets/search?sort=new&restrict_sr=on&q=flair%3AGain) / [**Best Daily**](https://www.reddit.com/r/wallstreetbets/search?sort=top&q=flair%3AGain&restrict_sr=on&t=day) / [Best Weekly](https://www.reddit.com/r/wallstreetbets/search?sort=top&q=flair%3AGain&restrict_sr=on&t=week)
**Loss** | [All](https://reddit.com/r/wallstreetbets/search?sort=new&restrict_sr=on&q=flair%3ALoss) / [**Best Daily**](https://www.reddit.com/r/wallstreetbets/search?sort=top&q=flair%3ALoss&restrict_sr=on&t=day) / [Best Weekly](https://www.reddit.com/r/wallstreetbets/search?sort=top&q=flair%3ALoss&restrict_sr=on&t=week)

[Weekly Earnings Discussion Thread](https://www.reddit.com/r/wallstreetbets/search?sort=new&restrict_sr=on&q=flair%3A%22Earnings%20Thread%22)

**Read the [rules](https://www.reddit.com/r/wallstreetbets/wiki/contentguide) and make sure other people follow them.**

Try [No Meme Mode](https://www.reddit.com/r/wallstreetbets/search/?q=-flair%3AMeme%20-flair%3ASatire%20-flair%3AShitpost&restrict_sr=1&t=day&sort=hot), also accessible through the top bar.

Follow [@Official_WSB](https://twitter.com/Official_WSB) on Twitter, all other accounts are impersonators."
1619034927.0,32,TSLA YOLO Update,
1619034753.0,15,NVDA Yolo,
1619034220.0,8,Bayer turnaround of a hammered Stonk,Bayer the company that got hammered down to losing 2/3 rds of its valuation by buying the globally very beloved firm Monsanto is at an attractive buying point in my opinion. They settled most of the glyphosate cases now and are working on a solution for future cases. There will be a judge‚Äôs decision revealed on 12 th May. If the judge acknowledges the two billion additional payment on top of the 10 billion they already spent for the settlements. This stock will rally back because it trades lower than at times when analysts estimated costs up to 40 billion dollars. In reality it is much cheaper now. And here comes the next catalyst: Bayer produces the Curevac vaccines. So this will be Bayer/Curevac. Also they are in genomics and bought a lot of crispr tech companies. These companies alone could get a higher valuation alone if listed than the whole big giant Bayer is trading right now. I‚Äôm bullish and confident the company will manage a turnaround story.
1619033423.0,899,"Palantir wins new contract with UK Crown Commerical services. Total value of the contract is 1.2 bln.¬£, which will be shared between 31 suppliers.",
1619033253.0,361,BIG ASS YOLO - TSLA Update 3 hours later üñïüí∞üöÄüöÄ.,
1619033191.0,217,Pltr involved in ¬£1.2bn deal with UK crown communal service,
1619032973.0,480,VIAC bull thesis,"here is why i think VIAC (ViacomCBS) is one of the most undervalued, cash flow positive, high-growth potential stock that i've seen in a long time, generating the same revenue and net income as NFLX, but trading at 10x discount.

VIAC generates 40% of it's revenue from advertising, 31% is subscription (or affiliate) fees, and 23% is from licensing content.

VIAC is transforming their business into a streaming giant, with PlutoTV (43 million monthly active users) and Paramount+ (launched in March this year, 30 million CBS AllAccess subscribers were moved to Paramount+). VIAC acquired PlutoTV 2 years ago for 340 million (now worth billions already).

next earnings is on May 6 (first time Paramount+ user growth will be reported).

&#x200B;

[VIAC price back to pre-COVID levels](https://preview.redd.it/rtoepeqkiku61.png?width=2464&format=png&auto=webp&s=04d0979e1292a4d9341a959348311196cea32d1c)

VIAC is back to pre-COVID price levels after it announced a $3bn equity raise for content production end of March and after millions of shares got dumped on the open market after Archegos  blew up.

[A: NFLX, B: VIAC](https://preview.redd.it/jjv6xuzvlku61.png?width=940&format=png&auto=webp&s=251a483a42aa4460ca81b0622c6591d5e3d6aa54)

VIAC annual revenue was $25.29bn (NFLX was $25bn), while VIAC net income was $2.31bn (NFLX was $2.67bn).

VIAC trades at 24.9bn market cap while NFLX trades at 244.6bn (that's correct, 10x more). NFLX posted pretty disappointing earnings yesterday, also mentioning slower user growth for 2021.

&#x200B;

[VIAC domestic streaming revenue compared to ROKU](https://preview.redd.it/vmloznafmku61.png?width=1308&format=png&auto=webp&s=b843020e3e1736ab090748e88ec413b26e6d012d)

VIAC domestic streaming rev outperforms ROKU total rev by over 40% (credit to [@AlanSoclof](https://twitter.com/AlanSoclof)) while VIAC trades at 24.9bn market cap and ROKU at 47.9bn.

[Comparison of subscribers growth of streaming services](https://preview.redd.it/l8kzexozlku61.png?width=1177&format=png&auto=webp&s=5f749fe0998928efc86f3f3f3e49491cb5db8c21)

VIAC owns Paramount, a  film production company that produces titles like Titanic, Mission Impossible, The Godfather, Star Trek, Top Gun, Spongebob, Transformers, you name it.

Paramount owns distribution rights for even more titles, including all recent Marvel universe movies (all Iron Mans, Thor, Avengers, Captain America, etc), Southpark, etc.

&#x200B;

Q4'19 to Q4'20

* 71% streaming subs growth
* 34% PlutoTV MAUs growth
* 72% streaming & digi video rev growth
* 49% global streaming rev growth (ad rev + sub rev)
* expects 30% CAGR global streaming rev 2020 to 2024
* 100% global PlutoTV MAUs expected growth by 2024

&#x200B;

[71&#37; growth in global streaming revenue QoQ](https://preview.redd.it/29s0yv7poku61.png?width=650&format=png&auto=webp&s=53f0df1cf43a00f5970959ed6c0691cda25368a8)

CBS All Access and SHOWTIME OTT delivered their best quarter ever in sign-ups.

Pluto TV grew its global monthly active users (MAUs) to 43M, up 80% year-over-year

https://preview.redd.it/ykjnjdwztku61.png?width=695&format=png&auto=webp&s=63a9a190660c9d57071c95ac674c9127fbd6b5ab

PlutoTV is VIAC free, ad-supporter TV streaming service and expects +100% MAU (monthly active users) growth by 2024.

[PlutoTV has top ratings on app store, OK ratings on play store](https://preview.redd.it/v4ns6ft5pku61.png?width=686&format=png&auto=webp&s=31024086e34ac86f2bacfd1b25f377675ec4a831)

Ad spending is finally regaining momentum after COVID headwinds in 2020. See here "" CBS and WarnerMedia Line Up Record March Madness Ad Revenue Following Covid Cancellation"" [https://www.adweek.com/convergent-tv/warnermedia-and-cbs-line-up-record-march-madness-ad-revenue-following-covid-cancellation/](https://www.adweek.com/convergent-tv/warnermedia-and-cbs-line-up-record-march-madness-ad-revenue-following-covid-cancellation/)

VIAC CBS  was most-watched network in daytime and late night in Q4  - owned quarter‚Äôs top drama, news magazine, 4 of top 5 comedies, top new comedy series.

CBS runs 7/10 most watched TV programs with a total of 63 million viewers in the US

&#x200B;

[most watched programs are from CBS](https://preview.redd.it/gz881p9psku61.png?width=1145&format=png&auto=webp&s=1dc4fb7bcc5081137b1f4778105c75c639614e5b)

&#x200B;

Most popular kids' shows in 2021 and the top two are Paw Patrol and Spongebob Squarepants which are both owned by

VIAC cable networks/linear TV users switching to their non-linear streaming services

Paramount+ will star Paramount theatre movies 45 days after first cinematic release (eg Mission Impossible 7)

Paramount+ available on Apple TV, iPhone, iPad, Android TV, Android phone + tablet, Chromecast, Amazon Fire TV, Portal TV, PlayStation 4, Samsung TV, Vizio TV, LG TV, Roku, Xbox One and Series X, and Xfinity Flex.

&#x200B;

[Paramount+ ratings good on app store, not so good on play store](https://preview.redd.it/m47cfhjaqku61.png?width=670&format=png&auto=webp&s=a0d6ecc4e8332a4944a4e6d30c952465f147261c)

Paramount+ ratings on App store & GooglePlay store. iOS app ratings great, Android not so good yet (see user reviews attached), early hiccups.

[Users reporting crash issues, might be caused by high demand](https://preview.redd.it/fkya67afqku61.png?width=695&format=png&auto=webp&s=c98e1f331c7f3688606173bda8d2dd38c708402d)

&#x200B;

Paramount+ [amazon.com](https://amazon.com) ratings looking OK (not great, but OK), users reporting connection and crash issues (most likely related to huge increase in demand for service), needs to be fixed ASAP

&#x200B;

https://preview.redd.it/cfl1pruwtku61.png?width=697&format=png&auto=webp&s=941c16660e7faa4264a2304007cfb553d28ea1b2

Paramount+ (paid service) more popular than PlutoTV (free service) in google trends, trend needs to continue

&#x200B;

[google trends comparison](https://preview.redd.it/he0w97auqku61.png?width=1169&format=png&auto=webp&s=f3b5c425749fce6bd90bb07bdb2ad13f5b7279a4)

&#x200B;

https://preview.redd.it/gsrsyvojuku61.png?width=697&format=png&auto=webp&s=7c6e4127e5c369f9cd06cb2a6ca4c05237e9b157

AMC Networks CEO comment applicable to Paramount+: ‚ÄúStreaming is now the most significant growth area of our company and we expect it will become our largest revenue segment within that longer horizon,‚Äù said Sapan during earnings call.

&#x200B;

Paramount+ price comparison to streaming competitors; Paramount starting at lower price end (good market entry strategy)

[price comparison](https://preview.redd.it/ejv2wwm6sku61.png?width=680&format=png&auto=webp&s=bb8b9c8818d937f8c6948bce6cdc630d8cad3e79)

Paramount+ has the exclusive online streaming rights to UEFA and NFL games

Paramount+ is most sticky compared to Disney+ and Amazon Prime Video, HBO Max, Discovery+

https://preview.redd.it/lxtmih05uku61.png?width=696&format=png&auto=webp&s=baf14d0c85e60e31b8af4ea83deea440fd02af86

Domestic video streaming subs grew 100% in 1.5 years.

# Financials

VIAC lost $1bn rev in COVID 2020 year, but managed to maintain nearly equal operating income by executing strong cost cutting measures. provisions for income taxes cut deep into EPS YoY growth, nothing directly related to operational inefficiencies (good)

Theatrical rev decreased 67% YoY. once cinemas open again, rev likely to recover close to pre-COVID, adding $360M revenue.

&#x200B;

[profit loss statement](https://preview.redd.it/cgitcnwipku61.png?width=826&format=png&auto=webp&s=5eb444a4666c7b0de0a20797061f67912befbe64)

&#x200B;

VIAC boosted cash reserves by $2.3bn while only growing long-term debt by $1.7bn (good), deferred rev growing too (good)

VIAC building streaming ecosystem with free and paid services. 2021 is investing year. free PlutoTV seen as funnel to create upsells.

Showtime upsell channel more effective in conversion than YouTube (CEO)

Bundling services to offer them at cheaper prices, attracting more viewers. big opportunity on bundles (CEO)

Short/medium term focus is on growth, increasing investments in streaming (CEO)

&#x200B;

[balance sheet](https://preview.redd.it/b7jr8nmrpku61.png?width=760&format=png&auto=webp&s=f13125f9801ce823d875b3d7b4341be502d67427)

&#x200B;

VIAC increased net cash flow from ops by 100% YoY while repaying $2.9bn in long-term debt, great financial execution

[cash flow statement](https://preview.redd.it/3vaqgn8ypku61.png?width=777&format=png&auto=webp&s=213c5b70da6a844efad9481112f88ce0b272d5e7)

DIS strongest growing rev segment was direct-to-consumer (+73% growth YoY); DTC includes Disney+, ESPN+, Hulu; good news for Paramount+ as similar growth can be expected in their DTC segment; Disney+ showed 260% subs growth YoY

&#x200B;

https://preview.redd.it/snp6ymjstku61.png?width=688&format=png&auto=webp&s=ed1f8c6443b9b567b5f53077212ebf21ae240c55

Note: that's my own research and i'm long VIAC at avg 43. i'm not trying to pump VIAC, but would rather like someone to deconstruct my logic and find flaws.

&#x200B;

Update:

T (AT&T) reported earnings this morning (great news for VIAC):

* earnings Direct-to-Consumer subscription revenues up about 35%
* WarnerMedia rev were $8.5bn, up 9.8% YoY, driven by higher subscription, advertising and content revenues. 
* advertising rev up 18% YoY
* domestic HBO Max subs increased by 11mil YoY  

&#x200B;"
1619032749.0,341,$MVIS to the moon! Check out their sweet projector phone! And my shitty portfolio!,
1619032351.0,34,Blackberry covered calls warning...be careful,"Be careful with writing covered calls for blackberry. They(institutions and shorts) want you to write these covered call. Total short on stock is about 60 million or 10% of all shares. They realized that blackberry has a monopoly in connected and EV car operating system with Blackberry QNX and IVY, and they also have monopoly in Cybersecurity with Blackberry Spark for protecting critical iot devices (government computers and phones, drones, trafficlight, meter, all smart city infrastructure). This is a very critical monopoly that Blackberry will not admit to yet because Congress will then break them up. 

&#x200B;

Why monopoly in cybersecurity for IOT?  
If you look at all hacking that happened since December on government and enterprise(30,000 companies), none using Blackberry Spark were impacted!!! After Department of Commerce was hacked they immediately switched to Blackberry Spark. Same with Airforce and Canadian Government.  Crowdstrike will be a joke in coming years. Only blackberry has a zero trust architecture out of all cybersecurity company, and that's why they are able to protect governments from hacks like Solarwind and others can't do it. 

&#x200B;

Why monopoly in Car EV and Connected Cars?  
The Blackberry QNX software is THE ONLY car operating system authorized for connected cars. This is why every car company is signed up with Blackberry. Even Tesla's component coming from NVDIA uses Blackberry. The NVDIA controller used by Tesla for their autonomous driving is running on QNX. QNX is inherntly the most secure operating system in the world!!! The proof is in contracts from every car company to blackberry. The Rev will be about $50 per car in coming years. The Blackberry IVY will add about $10-$20 recurring revenue per car per year in coming years. 

&#x200B;

So why not write covered calls?  
The institution and hedge funds and shorts will trigger them soon. The Patent sale will be minimum of $15 billion for 25,000 patents. Patent is bread and butter of any company. Chen said ""most patents' that's why i'm thinking he's selling more than 20k patents. $15Billion automatically takes the price to $40!!!!!! overnight!!! you will lose your shares to hedge funds that're short and institutions."
1619030333.0,0,Opinions on wearing SILK underwear (Ticker: SILK)," 

Anyways.... I am posting because I like Silk Road Medical (SILK). Neat little stock I found that makes products I care about. \*Not financial advice or recommendation\* I just like what this firm does, and I like the stock.

""Silk Road Medical, Inc. develops and manufactures medical devices to treat neurovascular diseases. Its products include ENROUTE transcarotid neuroprotection system, ENROUTE transcarotid stent system, and ENROUTE transcarotid peripheral access kit. The company was founded by Tony M. Chou and Michi Garrison on March 21, 2007 and is headquartered in Sunnyvale, CA. The listed name for SILK is Silk Road Medical, Inc. Common Stock""

They are releasing an earnings report on May 4, 2021 (may the fourth be with you).: [https://finance.yahoo.com/news/silk-road-medical-report-first-200500706.html](https://finance.yahoo.com/news/silk-road-medical-report-first-200500706.html)

This website gives a real quick, concise break down of key financials: [https://finviz.com/quote.ashx?t=SILK&ty=c&ta=1&p=d](https://finviz.com/quote.ashx?t=SILK&ty=c&ta=1&p=d)

[https://money.cnn.com/quote/forecast/forecast.html?symb=SILK](https://money.cnn.com/quote/forecast/forecast.html?symb=SILK)

Mutual fund holders: **69.06%** Other institutional: **33.81%** Individual stakeholders: **32.46%**

Top 10 Owners of Silk Road Medical Inc

**The Vanguard Group.Inc.**  
**Wasatch Advisors Inc.**  
**AllianceBernstein LP.**  
**Capital Research & Management Co.**  
**BlackRock Fund Advisors**  
**BAMCO, Inc.Jennison Associates LLC**  
**ClearBridge Investments LLC**  
**Janus Capital Management LLC**  
**TimesSquare Capital Management LL.**

The 6 analysts offering 12-month price forecasts for Silk Road Medical Inc have a median target of 67.50, with a high estimate of 75.00 and a low estimate of 58.00. The median estimate represents a +22.00% increase from the last price of 55.33.

The current consensus among 6 polled investment analysts is to **buy** stock in Silk Road Medical Inc. This rating has held steady since January, when it was unchanged from a buy rating.

Also, take a **look at options activity**..... Fascinating stuff....  


I believe it is a good time for the industry as a whole too... \*Obviously I am an idiot and I am probably going to regret liking this stock\*

Make up your own minds, do DD

Disclosure: I currently own shares

I am working on more...."
1619010400.0,20,Ocugen shares rise after partner discloses vaccine efficacy of 100% in severe COVID-19,
1619029899.0,41,"$PLUG has been beaten down too much these past few months, its time for a recharge. Im $PLUGged in. Holding til 30k+ üîå",
1619029212.0,32,$PFE treating me well for just trying to throwaway my last dollars on RH before deleting it,
1619028484.0,709,GONDOR CALLS 4 AID! All in MVIS BaBy,
1619028270.0,480,State of Michigan purchased 1 million shares of MVIS?,">State of Michigan has purchased 1 Million SHARES of MVIS   
>  
>not 1 million worth of MVIS, SHARES  
>  
> (2/1/21)

I'm not sure but didn't State of Michigan used to own over 4 million shares of MVIS earlier in 2020, and now it's *down* to 1 million???  [https://www.sec.gov/Archives/edgar/data/762152/000076215220000007/xslForm13F\_X01/InformationTable\_03-31-2020.xml](https://www.sec.gov/Archives/edgar/data/762152/000076215220000007/xslForm13F_X01/InformationTable_03-31-2020.xml)"
1619027158.0,4,NVAX Phase IIIb almost complete,"I am in the Novavax Phase IIIb trial in the US. I entered the study near the end of the recruitment period. This is a 2-dose vaccine and I received my 2nd shot two months ago, which I understand is the minimum time needed for the trial. 

The study was recently changed to a ""crossover"" study, in which the people who received placebo in the first 2 shots will now be given the real shot, and vice versa.  I received my 3rd shot today. This effectively eliminates the placebo group, I have not been ""unblinded"" but all placebo group participants are getting shots, and the effectiveness of placebo/vaccine going forward can not be determined directly. This means that they must already have the data needed to obtain FDA emergency authorization. 

The time from Phase III start to authorization is now the same amount of months as  Moderna, Pfizer, and J&J took (about 4 months). 

Based on this, I believe the Novavax vaccine will obtain FDA emergency approval within the next 2-3 weeks. The stock can be expected to rise a moderate amount when this news occurs. 

This is not financial advice. 

Positions- Long NVAX 10"
1619026397.0,261,BIG YOLO ON TSLAüî•üöÄüöó. Am I doing it right bitches? üí∏üí∏üí∏,
1619025874.0,62,Why I am shorting GoPro (GPRO),"Let me start off by saying I am a huge fan of GoPro and have been since the release of the GoPro Hero 2. 

But although I like the product and the GoPro Hero 9 is my current go-to action camera, the stock price far overvalues the company. The stock saw around a 520% increase to the peak of recent prices from last March. What justified this increase in price? 

GoPro‚Äôs recent turn to selling subscriptions and their high 2020 subscriber counts was the good news for investors. They had a total of 760,000 subscribers by the end of 2020,  a 145% increase in subscriptions from the previous year.  Those who follow this company closely know that this increase in subscription price was due to the release of the GoPro Hero 9 and the promotion of $200 off a bundle package with the purchase of a GoPro subscription. Users know that the grammar of the subscription details was very sketchy and it was unclear if users could immediately cancel their subscription after purchase without being charged the $200 they saved because they didn‚Äôt hold their subscription for a whole year. Their subscription numbers hold just based on their GoPro Hero 9 release, few GoPro users turn to GoPro for accessories. Most GoPro users will go online where they can purchase an accessory mount from a different brand for more than 70% cheaper. GoPro‚Äôs strength in versatility has always relied on third party gear for custom mounts and specialized attachments. GoPro users who are looking to mod out their GoPro with a mic, ND filters, or stands, turn to companies such as Rode, Polar Pro, or other companies that are cheaper and higher quality than the modifications GoPro provides.

The company also turned to its Quik app to attract anyone who does video and photo editing/storing, not just GoPro users. GoPro has always been releasing apps but the apps themselves were finicky and never worth using from my experience. It will definitely be interesting to see the report on the success of the app when the company reports its earnings on May 6th.

As a GoPro user, as much as I like the company, I see that the product line is stagnant. GoPro releases one new camera a year (plus the MAX) and it‚Äôs users can barely justify the upgrade due to minimal change between models. Many youtubers and influencers commonly tell consumers to wait for the next model to upgrade since differences aren‚Äôt very significant. GoPro‚Äôs latest release was a pair of floating black sunglasses. They have tried multiple times in the past to get into lifestyle gear and it never caught on with their consumer base but they continue to release lifestyle gear, an indicator of how little the company is focusing on change. The moat of GoPro used to be HUGE but now, every other company has an action camera that is cheaper, similar in design, and often does more than what the GoPro offers (DJI, InstaOne, Garmin). 

The company is stuck on its GoPro Hero line and for the most part it is trapped. It tried to expand into making drones but DJI snuffed them out quick. It relies too much on third parties to provide accessories for the users that their accessories don‚Äôt make them enough revenue. Their software apps have always been substandard. GoPro is not a long term hold and I would argue they are not a short term one either. Earnings report on May 6th!"
1619024523.0,0,(AHCO) analysis mid cap stock that massively undervalued,"Hello Reddit I would like to post an analysis on (AHCO) this company came across my screener last Friday where I then wrote a report in slid show format (easy for work). I am rather bullish on the stock and I get bore bullish on it by the day. I should mention though i dod not put it in my report, the premiums for call contracts are insanely low, I have ran the numbers for me if it his the levels it was trading at call contracts could see 600-700% returns, consivertivly i peg the returns at 50-100%, but its a matter of how one holds. (when trading on anything I say it is your discretion and risk, it is not my responsibility if you loose money on this trade should you put money on it)  


Also forgive any poor spelling, I havent been sleeping well and I have been drinking (work relates stress). But I hope at least a few of you enjoy

https://preview.redd.it/ju7o1nx45ku61.png?width=991&format=png&auto=webp&s=a9076ba38a12b26ec592200199ea6bbbc6a65b09

https://preview.redd.it/10pdrkn45ku61.png?width=966&format=png&auto=webp&s=c5cd0305fa6af73439ac241c8a02cc5707b2ba59

https://preview.redd.it/0jjxwne45ku61.png?width=983&format=png&auto=webp&s=fa21eefd17b1eacdab60f5c7b597a0c0fbee185a

https://preview.redd.it/qzhyvc945ku61.png?width=996&format=png&auto=webp&s=792bf6c8ec8431e99dbfd58d3011ced815fe0269

https://preview.redd.it/360qhm445ku61.png?width=990&format=png&auto=webp&s=d60332539bfd508bfe7d9c6ff034064e124ccbc0

https://preview.redd.it/iohzekx35ku61.png?width=993&format=png&auto=webp&s=f18e7efb3cf36ac1b1c7b346412ac839ce0330c4

https://preview.redd.it/sp9rg7q35ku61.png?width=995&format=png&auto=webp&s=812f177587b9c580025dba7dacbf1c7c510cc78a

https://preview.redd.it/boyz6gi35ku61.png?width=973&format=png&auto=webp&s=dc64953d7541027a52b41c24f080f0dde5dd5a52

https://preview.redd.it/7ao5w6a35ku61.png?width=997&format=png&auto=webp&s=52a85d3a0dbfaa56bee915be8cf4535171c7b68d

https://preview.redd.it/q97z4g435ku61.png?width=987&format=png&auto=webp&s=ca58cc710ad71ad4e691c090493c03790e050b43

https://preview.redd.it/y5aroey25ku61.png?width=993&format=png&auto=webp&s=2e923d5c3cdcc0a6d3df35bd57bbf649a26d1059

https://preview.redd.it/lr8u1vj25ku61.png?width=977&format=png&auto=webp&s=45d0c7d181626c91f97f1334487e148dfecfd0de

https://preview.redd.it/fackxvd25ku61.png?width=975&format=png&auto=webp&s=9b50565dad6dffdc17c9a9f028e3c15fc30a27c8

https://preview.redd.it/kvnjgm725ku61.png?width=991&format=png&auto=webp&s=9f7af019b935d7a32bb4ea1acb2098f3781948f2

https://preview.redd.it/1bosyis15ku61.png?width=980&format=png&auto=webp&s=05d9bd018d03821680775e371449d809c6c12252

https://preview.redd.it/0803xdi05ku61.png?width=993&format=png&auto=webp&s=1f9afedc02435e8826af8503988fd2b357833aa0

https://preview.redd.it/ows259805ku61.png?width=788&format=png&auto=webp&s=9ffe4cc25bb4b85f93bc3bea1f0081f33f7a2c0c

https://preview.redd.it/eohk31gy4ku61.png?width=789&format=png&auto=webp&s=47cb594b668332f4d587d1d044d68be9187b319b

https://preview.redd.it/u8wbbs3y4ku61.png?width=796&format=png&auto=webp&s=f28aa308d6bb49981d085dfca494f1df4c2831c8

https://preview.redd.it/msa7ut1m5ku61.png?width=2774&format=png&auto=webp&s=0d5a783fe5cced911dd92721ea4d91af1821134b"
1619024090.0,1,I like bread $AMRS,
1619024035.0,0,All I can do is hope and pray,
1619023056.0,251,"$CLOV because it‚Äôs grossly oversold, over shorted and hugely underestimated. Walmart Partnership, 40% + YOY Growth rate. Artificial intelligence powered clover assistant software to better the outcomes and reduce costs. Big backers.",
1619023028.0,1631,"All in on MVIS, let's do this. üöÄüöÄüöÄ",
1619021110.0,0,AND MY HEART GOES BOOM BOOM BOOM,
1619016115.0,33266,"""Retail investors are ruining the market""",
1619015598.0,920,"The market is only giving blackberry a total valuation of 1.5 - 2 billion, ivy, qnx, spark everything","Patent sale could bring in any where from 1 to 2 billion, they already have 800 million cash

Let‚Äôs just say it‚Äôs 2 billion for now + 800 million 2.8 billion

BB market cap this morning was 4.6 billion

4.6 minus 2.8 billion cash on hand = 1.8 billion

They are giving blackberry the WHOLE company, with 68% ev market, spark security, Amazon partnership with ivy, qnx in 175 million vehicles, 700 - 900 million revenue per year a valuation of 1.8 billion

Let me say it again, the whole company for only 1.8 billion valuation (some people here say 3 billion when factoring in debt, either way it‚Äôs low)

After the covid crash last year BB market cap hit 1.7 billion, so after including potential cash on hand BB is trading at the same market cap today right now as it was at the bottom of covid crash


Edit: people in here talking about debt, blackberry has always had debt and is an ongoing part of their valuation, it doesn‚Äôt change the fact of what the valuation was 12 months ago to what it is now when you include the patent sale, they have less debt now than they use to and they are also going to have more cash than they use to. The market cap is still extremely low valuation to give the company after you factor in the cash they will have soon. From what I was able to find it seems debt was only 459 million in November

Just throwing in this tweet from BB today
https://twitter.com/BlackBerry/status/1385050827220570120?s=20"
1619012881.0,34,TSLA YOLO,
1619011510.0,13,"Earnings hit may 5th, sign me up and make it stellar....",
1619009876.0,115,$BNGO - Bionano Genomics Announces Sites within the UK‚Äôs National Health System have Adopted its Saphyr System for Optical Genome Mapping,
1619009396.0,8417,143k Yolo on MVIS. Down 50% so you know it‚Äôs good.,
1618999225.0,138,"Daily Discussion Thread for April 21, 2021","Your daily trading discussion thread. Please keep the shitposting to a minimum. 

^Navigate ^WSB |^We ^recommend ^best ^daily ^DD
:--|:--                                 
**DD** | [All](https://reddit.com/r/wallstreetbets/search?sort=new&restrict_sr=on&q=flair%3ADD) / [**Best Daily**](https://www.reddit.com/r/wallstreetbets/search?sort=top&q=flair%3ADD&restrict_sr=on&t=day) / [Best Weekly](https://www.reddit.com/r/wallstreetbets/search?sort=top&q=flair%3ADD&restrict_sr=on&t=week)
**Discussion** | [All](https://reddit.com/r/wallstreetbets/search?sort=new&restrict_sr=on&q=flair%3ADiscussion) / [**Best Daily**](https://www.reddit.com/r/wallstreetbets/search?sort=top&q=flair%3ADiscussion&restrict_sr=on&t=day) / [Best Weekly](https://www.reddit.com/r/wallstreetbets/search?sort=top&q=flair%3ADiscussion&restrict_sr=on&t=week)
**YOLO** | [All](https://reddit.com/r/wallstreetbets/search?sort=new&restrict_sr=on&q=flair%3AYOLO) / [**Best Daily**](https://www.reddit.com/r/wallstreetbets/search?sort=top&q=flair%3AYOLO&restrict_sr=on&t=day) / [Best Weekly](https://www.reddit.com/r/wallstreetbets/search?sort=top&q=flair%3AYOLO&restrict_sr=on&t=week)
**Gain** | [All](https://reddit.com/r/wallstreetbets/search?sort=new&restrict_sr=on&q=flair%3AGain) / [**Best Daily**](https://www.reddit.com/r/wallstreetbets/search?sort=top&q=flair%3AGain&restrict_sr=on&t=day) / [Best Weekly](https://www.reddit.com/r/wallstreetbets/search?sort=top&q=flair%3AGain&restrict_sr=on&t=week)
**Loss** | [All](https://reddit.com/r/wallstreetbets/search?sort=new&restrict_sr=on&q=flair%3ALoss) / [**Best Daily**](https://www.reddit.com/r/wallstreetbets/search?sort=top&q=flair%3ALoss&restrict_sr=on&t=day) / [Best Weekly](https://www.reddit.com/r/wallstreetbets/search?sort=top&q=flair%3ALoss&restrict_sr=on&t=week)


[Weekly Earnings Discussion Thread](https://www.reddit.com/r/wallstreetbets/search?sort=new&restrict_sr=on&q=flair%3A%22Earnings%20Thread%22)

**Read the [rules](https://www.reddit.com/r/wallstreetbets/wiki/contentguide) and make sure other people follow them.**

Try [No Meme Mode](https://www.reddit.com/r/wallstreetbets/search/?q=-flair%3AMeme%20-flair%3ASatire%20-flair%3AShitpost&restrict_sr=1&t=day&sort=hot), also accessible through the top bar.

Follow [@Official_WSB](https://twitter.com/Official_WSB) on Twitter, all other accounts are impersonators.

üçÜ out for Harambe on this blessed day"
1618997107.0,3823,Senate Majority leader again brings up weed legalization yesterday and says before next year's 4/20 it should be federally legal. Could this stop the weed stonks downward spiral or will it just continue bleeding,
1618990984.0,90,Inverse me for an all-green portfolio,
1618987558.0,409,300k MVIS YOLO from a GME Veteran,
1618982793.0,124,"Nintendo - underrated Value? (sorry for bad English, I'm from Germany)","In this post, I want to discuss the hidden values of Nintendo.

1. We start with a short fundamental analysis

\-Nintendo has liabilities of round about 32,5$ per share

\-on the other hand there are 119,5$ equity

that means we have 87$ assets per share (we can subtract this amount for the further analysis, because this value is available in assets)

one share cost round about 580$ - 87$(in assets) we get a price of 493$

If we use the predicted earnings for next year, we've got a PE-ratio of 15,5.

That's a normal PE-ratio for a Japanese Share, but what are the hidden values of Nintendo (in my opinion)?

As many of us, I was watching YouTube Videos in the Corona-Time. And I got addicted to Pokemon Booster openings. In this context I realized, that my generation, has a big emotional bond to Nintendo products. Nintendo still hold's the license for popular franchises like Pokemon and Mario Kart. The amounts of money, that flew, just for very old products of this franchise, give u a roughly estimate, of how big, the value actually is.

Pls use the commentary function to change my mind :)"
1618982300.0,606,MVIS $172k YOLO,"&#x200B;

https://preview.redd.it/thpu3jn1ogu61.jpg?width=1125&format=pjpg&auto=webp&s=72da0dc84894031530a268c383a35c85f032988d"
1618978916.0,75,$30K CRSR Yolo in Roth IRA... maybe it‚Äôll go up one day?,
1618978549.0,738,"BB is the underdog, no question.","**Ok, fellow Apes I admit.** I have been holding the blackberry bag since 20 bucks; but I am still faithful. I am faithful because blackberry is the underdog that wall street has casted aside (and given the fact that a loss is only a loss if you sale!) and berated BB as a profitless tech co. and has soured their legitimacy. It is deeply undervalued for reasons unbeknownst to anyone.

It is leading the tech industry in 5G in South [Asia](https://www.cnet.com/roadshow/news/blackberry-will-power-baidu-technology-for-future-chinese-evs/); BB has partnerships with tech giants like Baidu--- securing a contract to run Baidu's mapping tech on their infrastructure for autonomous vehicles -- a partnership that will pay dividends as that market is only projected to grow in the future. I ask again why do Boomers hate BB? I don't fucking know.

Not to mention, BB has a very respected and competent CEO who in my opinion is being [overpaid](https://financialpost.com/investing/blackberry-ceo-chen-gets-128-million-award-to-continue-revival), but has the potential to bring the stock to 30.00 by the end of this year.  He has a proven track [record](https://www.canadianbusiness.com/leadership/blackberry-ceo-john-chen-turnaround-interview/).

oh, and by the way, BB is not a fucking smart phone company. At least not anymore. Maybe this is why they are not respected? That's a bullshit cop out; there's real money to be made with BB if we give it the proper evaluation. This [ape](https://www.reddit.com/r/stocks/comments/l0ujm0/is_blackberry_bb_actually_undervalued/) was absolutely correct.  BB is a tech co. that develops secured communication systems, cyber security infrastructure, and works to secure these systems through AI.    It is deeply undervalued and is a underdog.

**Lets give BB a hand.**

I see you and hear you BB. The new [BB](https://www.blackberry.com/us/en)."
1618971126.0,4435,"Dip bought, remainder of cash gone! Time to wait...",
1618970004.0,81,"CLOV YOLO UPDATE - Added $24k more in options contracts. Today was GUH but with a little luck, I'll be driving a Lambo instead of needing a bus pass.",
1618969984.0,71,Cathie says shes holding with a goal of 1400 holding i know she just sild some for coinbase but she still holds a very large position in her portfolio Ps enjoy the porn had to ask my wifes boyfriend for allowance for weed today,
1618968391.0,25,Taxes on 100+ stock trades,"Are there any people experienced with taxes who did 100+ stock trades last year?  This is an ""amateur"" question, and I didn't have the balls to put in much money last year.  I mostly sold on losses, leaving my gains in the market.  What forms do I have to fill out, and do I have to really get into detail about trades where I lost out on 50 cents?  The overall result of the stocks I sold was around a loss of over $1000.  I also had a few free stock promos.

Serious answers only, and if you have a better place for me to post it, let me know.  The local tax people here know less than you do."
1618967854.0,53,VIAC YOLO Update,
1618967281.0,25,$apha yolo 4/20 update,
1618967180.0,1897,"$AMC $GME 100-300% MARGIN AT SCHWAB for Wed 4/21, $AMC YOLO",
1618966962.0,630,One more time FTW üòéüíéüëê since Jan üöÄüí∞by the 23rd if I‚Äôm lucky,
1618964484.0,0,Perfect Storm to Short $HD,"* HD is up from $250 to $325+ in a month. 26/31 trading days with green candles.
* Now finally HD was down today and the market is showing some cracks. VIX futures spiking this evening.
* 1,000+ GA churches are calling on people to boycott HD because they haven't criticized the new GA voting law
* Oh, and the George Floyd verdict is going to draw even MORE attention to HD's silence

If this isn't a perfect storm, I don't know what is...

https://preview.redd.it/xu4ycvq77fu61.png?width=602&format=png&auto=webp&s=f5a279a9e339dce34d0985d1014ad9e896e8c004"
1618963907.0,69,$VIAC Bananas üçåüçåüçå,"**TL;DR**. 

*Even in a declining environment VIAC is still fairly valued at* **$37.83.**  
*And in a bullish environment VIAC is fairly valued at* **$65.26.**.   
*And based on the EPV valuation it is a woapping* **$86.23**   

**VIAC offers a unique opportunity to take advantage of a current market in-efficiency.**   
As we all know by now a series of events lead to Archegos getting margin called. The Archegos fund was extremely aggressive and was operating under 5x leverage, heavily concentrating on Chinese and Media Stocks, such as BAIDU, BILI, TCEHY, IQ, VIAC, DISCA. There are many articles that explain how this margin call came to be. I won‚Äôt be discussing it here, because I want to discuss the opportunity this presents.

Whether you think Paramount + is good or not. I still think there is still an opportunity to cash in on VIAC‚Äôs assets. VIAC has a strong balance sheet and many assets that are valuable in the content business regardless if Paramount + takes off or not. Let‚Äôs address the elephants in the room. Can Paramount + compete with the top players like NFLX, DIS, or even HBO MAX?
I don‚Äôt think it matters if they can successfully compete or not because they have a huge library of content they can sell licences on and this makes them a valuable target to be acquired by the likes of AAPL or AMZN who are trying to pave their way into the streaming business. Their main revenue driver is cable television and everybody is cutting the cord these days so this is a shrinking segment, this does pose a risk to their recurring revenue. However they have another valuable asset that will help them offset this risk, and that is live sports. Although cable TV is shrinking, sports is definitely not and VIAC has many contracts and rights to stream live sports on their Paramount + service. None of the top 3 streaming services I mentioned does live sports streaming, and I‚Äôm sure they would love to add live sports on their library of contents. Their only competitor in the live sports segment FUBO. I do not perceive FUBO as a threat yet as they‚Äôre extremely overvalued and the business is losing money and has a lot of catching up to do. Even if FUBO is acquired before VIAC does, the acquisition of FUBO will force the other large streaming service to try and acquire their own to compete.

**The Valuation:**

I will present you with 3 different valuation all of them assume Paramount + is a flop and does not take off so I assume zero growth on their streaming service.   

Scenario one: Bullcase, I assume they will grow their total revenue by 3-5% for the next 5 year.  
[Revenue Estimates](https://imgur.com/78x276u).  
[DCF Valuation](https://imgur.com/s6TOmhj)

Scenario two: Bearcase, I assume their total revenue will be shrinking by  (-) 7-3%.  
[Revenue Calculations](https://imgur.com/JUWIXuz).  
[DCF Valuation](https://imgur.com/gra7R5E).  

Scenario three: I used an old school valuation method to value the business, Earning Power Value (EPV). In the EPV method it takes away the requirement for trying to predict the future and only takes into account the present business earning power. This method of valuation assumes no growth to the business. This method of valuation is a good valuation metric for valuing mature non growing businesses.   
[EPV Valuation](https://imgur.com/un2fh7u)

**Conclusion:**

Even in a declining environment VIAC is still fairly valued at **$37.83**.  
And in a bullish environment VIAC is fairly valued at **$65.26**.  
And based on the EPV valuation it is a woapping **$86.23**. 

This is not financial advice. I'm an ape"
1618963804.0,15,NVAX - Likely my last update DD before reaching Callhalla,"I've made a few posts before this ( [1st Post](https://www.reddit.com/r/wallstreetbets/comments/lq3ksw/nvax_dont_miss_this_perfect_vaccine_play_headed/),  [2nd Post](https://www.reddit.com/r/wallstreetbets/comments/luuige/nvax_part_ii_last_call_before_a_shit_ton_of/), [3rd Post](https://www.reddit.com/r/wallstreetbets/comments/mlielu/nvax_i_liked_it_at_300_i_love_it_at_180/)) but I know it's alot to go through so I shall give a brief comprehensive summary here. Just a reminder none of this is financial advice, I am but a mere PhD student that has had the ride of their lives on this stock. My goal isn't to shill or hype but instead to sharpen the conviction of my fellow big-cojone'd NVAX bulls, to concentrate info from different sources, and to create a space for discussion and overleveraged speculation. I think this stock is done taking a shit, we have a good idea of lower bound supports, and we're ready to blow some loads with upcoming catalysts. I also have some current questions I'd like to get the input of the community on. So let's dig in!

**1) Why I believe in the technology**

Really recommend my first post for a more in-depth discussion on this but basically this vaccine is antigen-based which is a very standard tried-and-true modality often used in ""traditional"" vaccines like flu vaccines etc. What makes them special is they add a natural compound (an ""adjuvant"") that makes your immune system super responsive to the antigen. This adjuvant is actually a saponin that is harvested from soapbark trees that grow in Chile. The benefit of using this is that 1) old people and people with weak immune systems respond well and build immunity even with lower doses of antigen 2) you can make vaccines with small amounts of antigen which makes them much cheaper and MOST IMPORTANTLY 3) you can ""fit"" more antigen varieties into a single dose. There's only so much antigen you can inject into a person at once so with this technology you can have a single vaccine with flu AND several covid variant antigens as opposed to having to get a separate vaccine for each virus. Also since this vaccine is protein antigen based you can keep it at 4C (same temp you keep your beers) for months.

Additionally!!!!! We've seen alot of AMAZING efficacy and safety results from the UK and SA phase 1/2/3 trials and the US phase 1/2 trial (still waiting for phase 3 data to drop soon!). **This is one of the main reasons I remain so bullish.** The humongous unknown risk of efficacy/safety has been largely cleared and now we're just sifting through some other issues/bottlenecks/FUD that I will talk about below. Anyone that trades biotech stocks knows that safety/efficacy are the BIGGEST risk that can curb stomp a stock and we've cleared that in my opinion.

&#x200B;

**2) A brief history of this chart**

This is one of the wildest charts you'll find and I think it's incredibly important to understand what caused it to look like that so that you can get a better picture of where we're going.

**Sept 2016** \- Plummet from \~$150 to \~$25 came from their RSV vaccine getting poor efficacy results

**Feb 2019** \- Plummet from \~$40 to \~$10 came from them failing the RSV efficacy trials again lmao. HOWEVER things are looking up for RSV vaccine recently (this deserves its own DD honestly but you can read more about it [here](https://www.novavax.com/our-pipeline))

At this point you can see why investors had no faith in NVAX. It was beaten down like a rabid dog like Ziptrader Charlie would say. Enter covid left stage:

**May 2020** \- Gap up from \~$15 to \~$40 came from A) fantastic nano-Flu phase 3 results (their very own flu vaccine, shown to be better than the current state-of-the-art flu vaccines) which is basically their first big WIN and B) beginning of clinical trials for covid vaccine.

**Aug 2020** \- Gap up to $180 came from great phase 1/2 covid vaccine results! I remember these glory days. Too bad we then plummeted and became range bound in the $80-$100 range. This was caused by a combo of sell-the-news and competitor companies (MRNA, BNTX, JNJ, AZN) making fast progress.

**Feb 2021**  \- Gap up to $300 from phase 3 interim data coming from UK phase 3 trial. This was fantastic news! Best in class vaccine with stellar safety and 96% efficacy against original variant. 

**Mar 2021 - Present** \- We fell from grace and have been bouncing between $170 and $220. Lots of factors here but of course the March market madness did not help this low float stock. I vividly remember NVAX falling 10+% day after day during the worst of it. I kept buying the dip and now I'm jacked to the MF tits and not ready to sell even when we get nice 13% days here and there.

Notice anything so far about this chart? **It loves to gap up**. This is a low float stock and the market cap is comparably small compared to competitors like MRNA, JNJ, etc. It's not uncommon to see it almost double when BIG catalysts drop and trust me when I tell you we've got ALOT of big catalysts on the menu. We've recently found a ROCK HARD floor at $170 and most recently a very strong support at $200. This stock has been severely de-risked and I think right now is still a damn good time to buy because of this asymmetrical risk.

&#x200B;

**3) Fear, Uncertainty, and Doubt - Bear case and the FUD spread by short sellers**

\-*NVAX is too late to the game. The entire world is vaccinated already. Pandemic is over.* This is obviously not true and I've written extensively about it in my 2nd and 3rd posts. India, home to 1.4 BILLION people has only vaccinated a little more than 1% of its vaccination. India is currently the epicenter of the pandemic with cases going parabolic recently sadly. It should also be noted that NVAX has a [deal](https://ir.novavax.com/news-releases/news-release-details/novavax-announces-memorandum-understanding-gavi-cumulative) with the Gavi Institute in India to manufacture and deliver 1.1 Bn doses of covid vaccines. More on India a little further down the post. Additionally, new variants continue to pop up and it seems more and more like we'll be getting covid booster shots for a while.

\-*Insiders are selling so they know something is up*. This is so stupid don't fall for this trap. They've sold days before major catalysts in the past. Everything is scheduled ahead of time and from what I understand also has something to do with them exercising their options. Let's not even mention the fact that selling millions in stock right before you drop horrible news would be the most blatant illegal insider trading ever lol

\-*NVAX is having manufacturing issues. They're not gonna be able to produce the vaccines they promised, just look at what happened to the EU deal.* I wrote about this alot in my 3rd post. I was worried at first that the raw materials they were missing perhaps was the adjuvant that comes from the soapbark trees (yikes!) However, as it turns out [the problem is actually the supply of 2,000 liter plastic bags](https://www.fiercepharma.com/manufacturing/lack-grow-bags-a-hefty-problem-for-novavax-s-covid-19-vaccine-production-push) that they need to grow their cells. The bags exist but they're currently being locked up by the US as per the Defense Production Act. Literally the US is reserving the bags for Pfizer and now the institute in India that is supposed to produce a ton of the NVAX vaccines does not have access to them. However the CEO of the institute has [publicly pleaded for Biden to lift the embargo](https://twitter.com/megtirrell/status/1383129792292167680) and it seems like their may be [some action here soon](https://twitter.com/Cold_Peace_/status/1384537640322674689) especially given the dire COVID situation in India. I honestly have no fucking idea what will happen and this is simply what I have gathered in my investigative work across sources. Any clarity or insight here is super appreciated. I don't even know if these bags are reason NVAX was having manufacturing issues for the EU. Regardless, GSK is making some of the NVAX vaccine soon and they should have some stockpiled already at least for the UK and early approvers.

\-*NVAX US phase 3 trials must have had bad results that's why they haven't released the data yet.* I saved this one for last because it's the most unlikely one in my opinion. I'd be surprised to see repeatedly stellar results in US phase 1/2, UK phase 1/2/3interim/3final trials only to see something worse than JNJ's 66% efficacy in the US/Mexico phase 3 trial.

&#x200B;

**4) Catalysts and Questions for y'all**

OK this is where I summarize what I think will happen soon and also where I need input from y'all. NVAX has completely left us bagholders (oops, I mean investors) in the dark on some of these expected dates and it has been the source of [much strife in twitter comments](https://twitter.com/Novavax/status/1384489266483433472) against the leadership and PR team of NVAX. Not gonna lie they can learn to market and pump themselves more but I appreciate their hardwork on getting the science done well regardless.

**A) Filing for UK Approval**

\-From what I understand NVAX has already begun the rolling review by the UK MHRA and EU's EMA. They have provided the interim data for UK phase 3 at least and they hopefully have also submitted the finalized UK phase 3 data at this point but I do not know. 

\-Another thing they need to submit is a CMC package. This basically is evidence they provide these regulatory agencies that their manufacturing process is robust and can produce consistent vaccine batches. I have NO idea what the status is with this (did they finish it already?) and any insight is appreciated.

\-I can only imagine they'd make an announcement when they actually file in the UK but who knows. I also am curious to know how long after filing we can expect to see approval. My hope is that this whole process will be done and the vaccine will be approved by the [end of April](https://www.reuters.com/article/uk-health-coronavirus-britain-vaccine/novavax-covid-19-vaccine-could-be-approved-by-uk-in-april-evening-standard-says-idUSKBN2BM1IF).

\-Guidance on this could literally drop any day this week or next week and I'm willing to bet we'll gap up on the news as always. As soon as it's approved by the UK then Canada, Australia, and New Zealand will likely follow suit.

**B) US Phase 3 results**

\-I'm super excited this is gonna be fucking awesome

\-US/Mexico Phase 3 trials started much later than the UK phase 3 trials. People were concerned for a long time that it would take a ton of time to get results. Even NVAX executives were saying that they were gonna swing for the fences and see if the US FDA would consider an EUA just with UK data instead of having to wait for US data. 

\-Turns out there were tons of willing participants and the trial got 25,000 people signed up in record time. Additionally, waves of covid caused collection of endpoints to happen much faster than expected. TODAY they started crossover trials. This basically means that people that had received the placebo get the read vaccine and people that got the real vaccine get the placebo (they are all still blinded). What is significant about this is that [THEY WOULDN'T DO THE CROSSOVER WITHOUT FIRST GETTING ENOUGH ENDPOINTS TO FILE FOR AN EUA](https://twitter.com/NayeemTheDream/status/1384265587770023942?s=1001).

\-We basically were all but explicitly told that US phase 3 is complete and the data/news can drop any day now. Put on your spacesuits.

**C) US FDA filing**

\-NVAX is [aiming for May](https://www.fiercebiotech.com/biotech/novavax-targets-may-approval-for-covid-19-vaccine-u-s). 

\-Again, I have no idea what the status is on the CMC package for the US filing and any insight is welcome.

\-There are some [interesting speculations on twitter](https://twitter.com/Biohazard3737/status/1384595862202896385) but I have a hard time making sense of them. Take it with a grain of salt as this guy/gal says him/herself.

**D) EU Deal**

\-The EU deal fell through last month but it seems like it could be getting revived soon. They are facing pressure after the AZN shitshow. 

\-This would be an awesome catalyst but don't hold your breath these EU chiefs are slow AF and seem to be generally fumbling oftentimes when it comes to securing doses for their populace

&#x200B;

**5) My positions and good ways to play this**

\-My positions are all in on $200c 5/21 options. Like literally my whole portfolio. I don't know that I would recommend this approach for most, the IV on these options is insanely high. I do, however, expect the IV of these options to expand following one of these catalysts. I know this is the opposite of what we typically think of with IV crush following binary events. However, I think the stock is exceptionally undervalued and I DO NOT think approval has been priced in. The majority of the gain will hopefully come from intrinsic value from the calls going deep ITM but I also hope to get an IV bump as people realize that this company has a rich future ahead of it and the call options gain demand. It has been an absolutely wild ride but I'm comfortable to say I now understand the true meaning of diamond hands.

\-Shares of course (or LEAPS) are godly if you have that sort of capital. Then you can just hang on for a long time. I will definitely switch to LEAPS after this immediate saga is over. I think once NVAX starts actually making a revenue it will absolutely blow earnings out of the park.

\-If you want to take advantage of high IV then of course theta gang strategies are nice. I caution against selling calls, this stock is ready to pop. Selling puts is a good strategy though you'll miss out on the extra tendies if they go parabolic. I severely caution against close expiration put credit spreads even though they are bullish because this stock CAN be squirrely and drop 10% in a day. If your spreads close OTM you can lose it all.

&#x200B;

Stay fresh and see y'all on the moon!"
1618961780.0,192,"YOLO - CLOV - 20k shares for $178,000 this morning. Conviction - do you have it?",
1618960534.0,256,"CLOV YOLO, I am a VERIFIED RETARD or a RESPECTED GENIOUS next month.",
1618959749.0,14,FSR 160k yolo update,
1618958956.0,172,I‚Äôm thinking COIN is gonna explode this year. 49k in Calls,
1618958709.0,121,Financially secure and patient af. I can wait.,
1618957480.0,4,The beginning of the end for micro-cap (maybe). $200k IWC short.,
1618957096.0,62,Did I do a good job?,
1618956049.0,74,"CLOV : Day-03 : 10,500@9.82",
1618951056.0,223,MVIS to the moon!!!,
1618950596.0,63,TLRY 4/20 Update - Down over $58k ‚òπÔ∏è,
1618950532.0,3,$APPS is $69.69 - praise the gods.,
1618950472.0,0,ISRG. Earnings big beat. Nice spike AH. let's see if it carries through tomorrow. Stock split eventually once stock hovers around 900$ if history is any indication. To The MOON!!,
