WORD,OCCURRENCES
GME,64
about,33
not,32
or,31
from,27
like,27
will,26
AMC,25
still,25
out,23
so,23
SEC,22
do,21
they,20
TO,20
know,20
buy,20
holding,19
going,19
shares,19
fucking,19
get,19
go,18
as,18
our,18
short,17
your,17
their,17
has,17
here,16
hedge,16
squeeze,15
money,15
stock,15
loss,15
think,15
buying,15
market,15
some,15
Iâ€™m,15
should,14
now,14
how,14
by,13
there,13
$GME,13
was,13
good,13
new,13
getting,13
make,12
HOLD,12
time,12
an,12
than,12
people,12
price,12
hands,12
WSB,12
into,12
I'm,11
his,11
take,11
us,11
next,11
why,11
IS,11
really,11
diamond,11
no,11
NOT,10
feel,10
who,10
guys,10
down,10
moon,10
DD,9
being,9
most,9
sell,9
want,9
Robinhood,9
am,9
until,9
made,9
over,9
fund,9
AND,9
little,9
last,9
ğŸ’,9
these,9
could,8
because,8
don't,8
share,8
let,8
interest,8
big,8
itâ€™s,8
back,8
Why,8
game,8
hold,8
donâ€™t,8
need,8
&,8
stocks,8
after,8
day,8
ğŸš€,8
any,7
already,7
looking,7
life,7
ARE,7
long,7
paper,7
You,7
someone,7
It's,7
Earnings,7
funds,7
This,7
limit,7
before,7
Still,7
way,7
off,7
keep,6
those,6
its,6
invest,6
ğŸ¦,6
BUY,6
one,6
THIS,6
right,6
Short,6
fellow,6
please,6
We,6
anyone,6
Loss,6
How,6
them,6
where,6
retarded,6
GameStop,6
financial,6
retard,6
sub,6
see,6
selling,6
full,6
believe,5
other,5
would,5
When,5
talking,5
help,5
retail,5
actually,5
"GME,",5
post,5
gonna,5
doing,5
ITS,5
news,5
say,5
position,5
WE,5
FOR,5
account,5
NOK,5
fuck,5
did,5
close,5
line,5
another,5
calls,5
bought,5
DFV,5
FUCKING,5
then,5
today,5
dip,5
restrictions,5
trying,5
But,5
amc,5
...,5
And,5
again,5
everyone,4
else,4
took,4
explain,4
many,4
RH,4
ON,4
play,4
tell,4
welcome,4
small,4
been,4
does,4
sold,4
give,4
were,4
Buy,4
every,4
stay,4
happening,4
CAN,4
1,4
find,4
put,4
hope,4
Here,4
OF,4
it's,4
always,4
old,4
may,4
says,4
making,4
porn,4
/,4
FUCKIN,4
covered,4
ever,4
investing,4
weâ€™re,4
look,4
ğŸš€ğŸš€ğŸš€,4
first,4
world,4
500,4
Iâ€™ll,4
great,4
real,4
strong,4
come,4
show,4
GME.,4
gme,4
never,4
best,4
shit,4
BE,3
NEXT,3
sure,3
can't,3
wife's,3
something,3
cause,3
Street,3
better,3
try,3
"AMC,",3
rise,3
100,3
mean,3
use,3
February,3
plan,3
"sell,",3
FUCK,3
handed,3
buys,3
Do,3
They,3
ride,3
this?,3
become,3
4,3
FINRA,3
DO,3
care,3
likely,3
NOW,3
ALL,3
check,3
rid,3
end,3
"retards,",3
Daily,3
too,3
late,3
much,3
Is,3
APES,3
STRONG,3
under,3
"guys,",3
let's,3
guy,3
wsb,3
join,3
investment,3
Hold,3
you're,3
SELL,3
GET,3
trade,3
order,3
Feb,3
stonks,3
options,3
gain,3
TIME,3
monitoring,3
AT,3
term,3
app,3
wife,3
company,3
name,3
between,3
cash,3
"you,",3
Their,3
LETS,3
bitches,3
reporting,3
sign,3
continue,3
robinhood,3
investors,3
miss,3
week,3
HAVE,3
Post,3
theyâ€™re,3
SO,3
Holding,3
fully,3
WHO,3
Hedge,3
didn't,3
start,3
since,3
My,3
porn.,3
thoughts,3
bit,3
Next,3
"much,",3
shares.,3
yâ€™all,3
joined,3
im,3
retards,3
line.,3
IN,3
sitting,3
great.,3
REALLY,3
tank,3
above,3
current,3
hear,3
advice,3
true,3
Make,3
stop,3
fractional,3
hits,3
broke,3
?,3
green,3
shills,3
trading,3
What,3
least,3
gains,3
tomorrow,3
vs,3
cost,2
piece,2
happened,2
sells,2
makes,2
lot,2
invested,2
5k,2
"$GME,",2
afford,2
second,2
hearing,2
deliver,2
rocket,2
guess,2
online,2
companies,2
Wall,2
giant,2
spreading,2
lose,2
"money,",2
LINE,2
understand,2
Canadian,2
which,2
that's,2
question,2
"Friday,",2
own,2
potential,2
possible,2
NO,2
HANDS,2
WHAT,2
giving,2
$BB,2
drama,2
simple,2
what's,2
talk,2
youâ€™re,2
Paper,2
arenâ€™t,2
wouldnâ€™t,2
telling,2
over.,2
Let's,2
Melvin,2
RobinHood,2
without,2
considered,2
manipulation,2
industry,2
S3,2
Serious,2
Elon,2
Musk,2
apes,2
"strong,",2
Share,2
report,2
Q4,2
TOGETHER,2
years,2
Look,2
For,2
she,2
Options,2
Squeeze,2
rally,2
near,2
games,2
worried,2
nothing,2
"news,",2
yet,2
whatâ€™s,2
moves,2
AMC!,2
situation,2
IF,2
IT,2
around,2
alternative,2
moving,2
accounts,2
proof,2
Think,2
Funds,2
bots,2
through,2
bullshit,2
decisions,2
Hood,2
data,2
Part,2
everything,2
had,2
moment,2
also,2
users,2
due,2
amount,2
DFV.,2
respect,2
against,2
Citadel,2
Reasons,2
Video,2
noob,2
actual,2
From,2
SHARES,2
VS,2
cannabis,2
investment.,2
smooth,2
THEM,2
BUT,2
TAKE,2
literally,2
word,2
Free,2
Financial,2
media,2
App,2
Must,2
Sell,2
today!,2
divided,2
u,2
idiots,2
red,2
regarding,2
YOLO,2
WANT,2
"go,",2
ye!,2
Hear,2
prices,2
â€œThe,2
ask,2
platform,2
gets,2
Real,2
momentum,2
behind,2
No,2
matter,2
gang,2
coming,2
lawsuit,2
Legal,2
longer,2
HF,2
funds.,2
PUTS!,2
SHIT,2
mod,2
turned,2
faith,2
thank,2
"bots,",2
Your,2
LOVE,2
WHATEVER,2
stand,2
very,2
easy,2
Buying,2
orders,2
Long,2
shorts,2
few,2
remain,2
thread,2
"go?
I",2
love,2
land,2
OVER,2
taking,2
here?,2
auto,2
each,2
Good,2
ain't,2
tendies,2
needs,2
article,2
sellers,2
deposit,2
"tomorrow,",2
shit.,2
interesting,2
boat,2
CAN'T,2
double,2
fake,2
failure,2
moon.,2
Trust,2
"one,",2
"me,",2
Down,2
shirts,2
finally,2
Made,2
3D,2
ğŸ–¨ï¸,2
low,2
soon,2
fear,2
tattoo,2
remember,2
ad,2
Big,2
opportunity,2
72%,2
Letâ€™s,2
list,2
heres,2
boyz,2
PLEASE,2
portfolio,2
moonğŸš€ğŸš€,2
"day,",2
So,2
noticed,2
went,2
illegal,2
"Apes,",2
isnt,2
HUGE,2
SHORT,2
able,2
probably,2
dont,2
Diamond,2
boys,2
apes.,2
lifted,2
letâ€™s,2
MADE,2
OF.,2
head,2
posting,2
MOON,2
days,2
purchase,2
ones,2
top,2
record,2
duty,2
@,2
kind,2
isn't,2
almost,2
$AMC,2
wiped,2
today.,2
offer,2
Some,2
keeping,2
earnings,2
Fidelity,2
allow,2
"GameStop,",2
seem,2
Should,2
yatted,2
hoe,2
$50,2
hype,2
hard,2
change,2
stick,2
.,2
3,2
!,2
ya,2
sex,2
idiot,2
high,2
personal,2
putting,2
things,2
week.,2
wall,2
tweeted,2
lower,2
feeling,2
stonk,2
trusted,2
daily,2
what?,2
selling.,2
30,2
opportunity.,2
value,2
5%,2
moon!,2
Be,2
right?,2
recent,2
$700M,2
times,2
watching,2
JUST,2
Any,2
2,2
point,2
retards.,2
doesnâ€™t,2
video,2
investor,2
holding.,2
ape,2
didnâ€™t,2
both,2
GAINS,2
HIT,2
MELVIN,2
â€”,2
rich,2
waiting,2
CDN,2
USD,2
job,2
Movie,2
(Full,2
+,2
though,2
Play,2
her,2
HEDGE,2
glorious,2
view,2
via,2
OPTIONS,2
EXPLAINED,2
AN,2
ANALYSIS,2
Call,2
Option,2
Example,2
Final,2
r/wallstreetbets,2
In,2
"ğŸš€ğŸš€ğŸš€
The",2
Not,2
bull,2
boyfriend,2
rest,2
bad,2
update,2
|,2
testify,2
crayon,2
Being,1
paperhanded,1
"35k,",1
potentially,1
"more
Not",1
"more
Buying",1
Berlin,1
"Wall
NOK",1
SHOULD,1
"it
GME",1
"right?
While",1
"high
For",1
switch,1
"RH
America",1
core,1
founded,1
pursuit,1
"happiness
Should",1
"GME?
Podcasts?
help",1
boyfriend's,1
birthday,1
"present.
I",1
mortgage,1
"Blockbuster
All",1
(Due,1
dilligence),1
downvoted,1
"bots.
Limits",1
lifted.,1
Now,1
"buy.
I",1
failures,1
indicate,1
counterfeit,1
"shares,",1
scenarios,1
"FTD?
They",1
knew,1
"it
What",1
scenario's,1
"crash?
Alright,",1
in!,1
"ğŸ’ğŸ‘
All",1
living,1
echo,1
chamber.,1
"happened.
What",1
together,1
group,1
"stocks.
â€œBuy",1
"people,",1
including,1
"experts,",1
"pessimistic,",1
actively,1
optimistic.â€,1
-Benjamin,1
"Franklin
NOK",1
"NOK
Our",1
"""Founder""",1
story,1
RatPac,1
"Ent.
GMĞ•
These",1
goons,1
away,1
"freedom
Which",1
scumbags,1
shorting,1
"most,",1
ask?,1
FuckTheSuits,1
LIVE,1
"answer!
One",1
none.,1
Lilliputians,1
"down!
Closing",1
"accounts?
Reuters",1
"FUD.
They",1
canâ€™t,1
"ğŸ’ğŸ¤²
So",1
investigation,1
MASSIVE,1
waste,1
taxpayer,1
"resources.
$GME",1
"Equivalent
Where",1
"????
SolD",1
"BB,",1
"BLIAQ
""An",1
empire,1
toppled,1
enemies,1
"again,",1
crumbles,1
within,1
dead,1
"forever.""
One",1
:,1
"moon?
The",1
strike,1
open,1
max,1
pain.,1
Does,1
"anything?
This",1
VERY,1
important.,1
decide.,1
"sqozen
Is",1
physical,1
certificates,1
issued,1
"GME?
This",1
conspiracy,1
theorists,1
"develop
Daily",1
discussion,1
Thursday,1
"4th
GTFO",1
pessimism,1
trash,1
profit,1
"takers...
THERE",1
PAPER,1
SUB.,1
SHUT,1
F***,1
"UP!
REMINDER:",1
DONT,1
FKING,1
INVEST,1
YOU'RE,1
WILLING,1
"LOSE
Whatever",1
11D,1
chess,1
occurring,1
now...,1
Just.,1
Yeah,1
"out
Are",1
"what?
Does",1
is?,1
Sub,1
"time!
It's",1
spell,1
quite,1
"unbreakable
So",1
helicopter,1
"attack?
It's",1
"sell
Digital",1
Pre-Owned,1
"Copies?
Let's",1
"B-Book,",1
brokerages,1
locked,1
certain,1
"stocks.
If",1
OFF.,1
cunts,1
"ğŸ’ğŸ¤²ğŸ¼ğŸ¦
Why",1
"Blockbuster
Donâ€™t",1
$GME...,1
$GME.,1
Inverse,1
latter,1
attacks!,1
"ğŸ’ğŸ™ŒğŸš€ğŸŒ•
The",1
victory,1
ninjas,1
"assassins,",1
screeching,1
"cult
If",1
falls.,1
"Panic
If",1
"over,",1
"care.
Be",1
haul.,1
It,1
"easier.
Autists",1
"talk.
Stop",1
handing!,1
billionaires,1
"trillionaires!
FOMO,",1
"Regrets,",1
"FUD
Coordinated",1
"i
GME",1
Megathread,1
"February
REFERED",1
CUSTOMER,1
"GME
Short",1
226%,1
per,1
SELL!,1
"ğŸš€ğŸš€ğŸš€ğŸš€
Can",1
"hours?
Iv",1
screwed,1
Iv,1
screwed.,1
Today,1
latter!,1
"ğŸ’ğŸ™Œ,",1
"ğŸ†Wallstreet!!
If",1
âœ‹ğŸ½ğŸ’ğŸ¦,1
truly,1
"store!
We",1
"ğŸš€ğŸš€ğŸš€ğŸš€
I",1
finished,1
transferring,1
"Fidelity.
Anyone",1
"directive
How",1
removing,1
comments/topics,1
hold/diamond,1
"philosophy,",1
"subreddit?
Message",1
film,1
fans,1
"movies!
GME",1
"here.
GME",1
DONE,1
"RETARDS!!!11!!1!!!
HOLD",1
reaches,1
Mars.,1
As,1
"first-born!
GME",1
win!,1
over!,1
FOCUS,1
"PLEASE!
Can",1
maths,1
Shortsight,1
"%
Whats",1
pessimism?,1
thought,1
"hands?
What's",1
TLDR,1
"plan?
What",1
GME?,1
"question.
Is",1
planning,1
"GME?
Fellow",1
panic,1
"ğŸ’ğŸ‘ğŸ¼
Unpinned",1
Discussion,1
Thread,1
"04,",1
"2021
Am",1
"party
HINDENBURG",1
RESEARCH,1
"REPORT...
Never",1
"life.
Why",1
shakeout,1
"thing
Are",1
shorters,1
helping,1
out?,1
"[Theory]
GSK",1
rock,1
bottom?,1
"in?
I",1
figured,1
"listen
GME",1
"ğŸš€ğŸš€ğŸš€ğŸš€ğŸ‘ğŸ’
NOK",1
full-year,1
2020,1
results,1
"ğŸš€ğŸš€ğŸš€
NEVER",1
FORGET,1
"ğŸ¦ğŸ¤²ğŸ’ªğŸš€ğŸš€ğŸš€ğŸ’ğŸ’ğŸ’
Anyone",1
referring,1
"""hedgie""",1
either,1
bot,1
12,1
"old.
Too",1
questions,1
"asked
Lets",1
NON-BIAS,1
"standpoint
I",1
"nothing...
Iâ€™m",1
sorry,1
"stock.
Premarket",1
"Volume
Looking",1
Clone,1
"GME
Okay",1
numbers:,1
hasn't,1
"yet?
ELI5:",1
"GameStop?
We",1
"fight
To",1
counter,1
bot-spams,1
script,1
displays,1
â€šdays-in-the-subâ€˜,1
reddit,1
age,1
title,1
"post.
ğŸ’",1
Need,1
Broker,1
Australia,1
"ğŸ’
ATVI",1
"Play
To",1
reading,1
"(serious,",1
heartfelt,1
"SEC)
Make",1
id,1
"verification
THE",1
HYPE,1
ISNT,1
"DYING!!!!
What",1
odds,1
Gamma,1
"happening?
Sold",1
"own...
Next",1
again?,1
Another,1
"future?
Is",1
gamestop,1
store,1
ordering,1
console,1
Help?,1
register,1
key,1
"steam
Elon",1
"savior
Degiro",1
Saxo,1
lines,1
(5-10,1
"days).
Does",1
subreddit,1
legitimate,1
"advice?
Hold",1
Fam,1
"Encouraged
4:00AM",1
Pre-Market,1
"Hype
Smart",1
dummy,1
"meme
That",1
Quick,1
Shift,1
Gain,1
"Porn
If",1
"break!
Gme
AZN",1
--,1
analysts,1
'strong,1
"buy',",1
underperforms.,1
Since,1
8.5m,1
"now,",1
"why
Experts",1
$goev,1
gamma,1
"squoze?
SELL",1
SELL!!,1
"BAD!
I",1
handing,1
"this
I",1
idea,1
"more
We",1
Whales,1
assist.,1
"to?
Enough",1
"OVER!!
European",1
Trading,1
"Platforms?
Holding",1
hands...,1
"squeeze?
Thoughts",1
"noob
DONT",1
DISTRACTED,1
..BUY,1
"..ğŸ¦ğŸ’ğŸ™ŒğŸš€ğŸŒ
Hear",1
"that??
Persevere",1
"a$$tronauts
Challenge
GME",1
floating,1
$90.,1
Has,1
scenario,1
they're,1
"Robinhood?
â‰¥100%",1
SI,1
conclusive,1
naked,1
"shorting
Disclaimers",1
"diamond-handed,",1
"autistic,",1
"apes
Hot",1
SLV,1
misinformation,1
"thing
Does",1
Swim,1
Donchian,1
"Indicator?
You",1
tracked,1
"right
Question:",1
Set,1
Limit,1
GTC,1
"Revolut.
Newest",1
member,1
"club...finally.
Hedge",1
using,1
â€œbig,1
"stockâ€
Weed",1
"matter
now",1
non-us,1
"citizens?
More",1
NIO;,1
"go!
Robin",1
"selling
4",1
2021,1
"relax
What",1
CEO,1
"now?
Cry",1
babies,1
influx,1
normie,1
defeatist.,1
"(Discussions).
Guys",1
sick,1
$900,1
changing,1
cheated,1
criminal,1
tactics,1
"funds
Why",1
Robinhood?,1
Change,1
"broker.
A",1
non-technical,1
"AMC
People",1
submitting,1
"here...
Infinite",1
profits!,1
"ğŸš€ğŸš€ğŸš€ğŸ’ğŸ™Œ
Moon",1
conclusion,1
"accept.
What",1
sets,1
1000$,1
"ticker?
What",1
"do?
Dont",1
listen,1
"hands
GameStop:",1
enormous,1
program,1
employees,1
exec,1
hires,1
"see?
Parents",1
cannot,1
nature,1
dad's,1
"job,",1
feasible,1
ways,1
substantial,1
pay,1
"college?
Quit",1
listening,1
He's,1
irrelevant,1
"now.
THIS",1
WHY,1
"SELL
LEGAL",1
READ,1
REGARDING,1
GME/ROBINHOOD/MELVIN,1
(Obligatory,1
"ğŸš€ğŸš€ğŸš€)
On.",1
note:,1
deepfuckingvalue,1
"out
SEC",1
charges,1
Robinhood!!!!!!,1
"hands.
Hedge",1
"WallStreetBets
to",1
naysayers,1
"bots
AMC",1
"life
Warning",1
TD,1
default,1
setting,1
"Calls
This",1
PROVES,1
Market,1
"Manipulation
GME",1
Business,1
"discussion
Just",1
"thought...
An",1
"question
DD:",1
"$NOK,",1
Positive,1
"Report,",1
Possible,1
"Play?
Knew",1
Beginning,1
Everyone,1
Would,1
"Sell
To",1
Robin',1
hood,1
apologists.,1
"BS
I'm",1
"research.
""Not",1
"sell""",1
applies,1
ALWAYS,1
depends,1
"stock
SHOULD",1
REP,1
BOARD?,1
OWN,1
>5%,1
"SURE
Help",1
retard?,1
MARGIN,1
CASH,1
question?,1
"ğŸ¤šğŸ»ğŸ’
Democrats",1
vow,1
legalize,1
"year
The",1
"""our",1
"side""",1
OK,1
"quit?
GME",1
regular,1
admit,1
"it.
Any",1
cracks,1
"brain??
Vegas
What",1
"use
GIVE",1
NOTHING!!!,1
FROM,1
"THEM,",1
"EVERYTHING!!!
I",1
investigating.,1
Peter,1
Strzoks,1
runs,1
"SEC.
Genuinely",1
curious,1
answers,1
"this:
Why",1
fact,1
closed,1
$88.88,1
exactly??,1
message,1
ğŸ³on,1
"side.
Creating",1
750,1
curated,1
"platform
Can",1
agree,1
Fidelityâ€™s,1
hot,1
"garbage
Losses",1
"tax-deductible.
Technically",1
"advisor
Can",1
"momentum?
What",1
"happened?
LETS",1
CRUSH,1
SHORTS,1
$XL,1
"BOYS
The",1
hasnâ€™t,1
"changed.
FOR",1
DIAMOND,1
ONLY,1
"ğŸ’ğŸ‘ğŸ’ğŸ‘ğŸ’ğŸ‘ğŸ’ğŸ‘ğŸ’ğŸ‘
Can",1
shady,1
"shit?
hard",1
Sell:,1
Require,1
Its,1
"Stake
Research,",1
"DD,",1
polish,1
"thatğŸ’ğŸ§ 
It's",1
framed,1
"?
We",1
stopped,1
"bankrupt.
Gather",1
"evidence...
Help",1
"downunder.
ğŸ’3",1
year,1
sense,1
"ğŸ’
Simple",1
explanation,1
530,1
"GME
We",1
"Lubyâ€™s
DONT",1
INTO,1
PANIC.,1
"LINE
Together",1
"fall
I",1
"pessimist
All",1
falling,1
ğŸ¤¡ğŸ¤¡ğŸ¤¡ğŸ˜³ğŸ˜‚ğŸ˜‚ğŸ˜‚ğŸ˜‚,1
"hands
Close",1
"robinhood.
Reminder",1
$RTRD,1
"available
I",1
seen,1
"yourself
Request",1
liking,1
"$GME
The",1
difference,1
"fan
Nokia",1
Earning,1
Report,1
"released.
Questions",1
"GME
Serious",1
Question,1
"data
Covid",1
gpa,1
"year,",1
poured,1
bonfire,1
homie.,1
Miss,1
dude.,1
(1933-2020),1
ğŸ™ŒğŸ»,1
"ğŸ˜‡
S3",1
partners,1
miscalculation,1
"argument
THEY",1
INVESTIGATE,1
WSB?,1
HYPOCRITES,1
LIERS,1
THAT,1
PROTECTING,1
RICH,1
"POWERFUL
ğŸ’ğŸ‘GME",1
ğŸ‘ğŸ’,1
Don't,1
"ğŸš€ğŸŒ‘
GME",1
"explanation
Eyes",1
"prize!
Lets",1
Beat,1
Them,1
Own,1
"Game,",1
Done,1
Playing,1
By,1
Rules...,1
GAME,1
ON!,1
WALK,1
"AWAY!!!!
Hear",1
Veteran,1
fresh,1
"autists,",1
"ğŸŒˆğŸ»s,",1
"Hedgies,",1
"interns,",1
freshly,1
lubed,1
mods...,1
$420,1
eod,1
"$42,",1
like..,1
heckinâ€™..,1
stonks.,1
realized,1
(new,1
mods),1
shall,1
address,1
"as,",1
Oracleâ€,1
cheers,1
"ğŸš€ğŸ’ğŸ™Œ
Am",1
allowed,1
plans,1
IPO?,1
abandon,1
shits,1
"bed.
Don't",1
scare,1
"you!
Diamonds",1
inserted,1
"foreheads,",1
implanted,1
"hands?
The",1
Value,1
Behind,1
(In-Depth,1
"DD)
Thank",1
you.,1
"ğŸ’ğŸ™ŒğŸš€
Letâ€™s",1
"AMC.
Take",1
"tomorrow
The",1
War,1
Over...,1
"NOT!
No",1
"happens,",1
hold.,1
"ğŸ’ğŸ™Œ
Facebook",1
Censoring,1
Our,1
"Community!
Stock",1
Info,1
recommendations,1
"?
Still",1
"holding.
MESSAGE",1
BEFORE,1
"DEATH
SRPT",1
looks,1
"whack.
GME",1
"Data
So",1
"happen?
What",1
to/in,1
"?
Eedee!",1
Goopa,1
gala,1
"ooobani
1",1
"in
Zomedica's",1
Truforma,1
"March
GME",1
Extremely,1
Undervalued.,1
"Why
Article",1
coverage,1
"manipulation
This",1
called,1
SJW,1
infiltration,1
phase,1
"subreddit
So",1
"profits?
UwmcğŸš€ğŸš€
$SLV",1
squeezed...$SLV,1
Trojan,1
Horse,1
THAT'S,1
ALREADY,1
"HAPPENING
GME",1
Speculation:,1
drop,1
$60-30,1
range,1
"squoze
Is",1
manipulated,1
"market?
Im",1
"$5k
What",1
"invest?
Tendie",1
Land,1
Board,1
"Game
So",1
Eagle,1
lawsuits,1
"fail
create",1
public,1
draft.,1
Use,1
c4de,1
"b0ts
We",1
"solvent.
Ebays",1
"ğŸ’ˆğŸ’ˆ
Support",1
DFV!,1
Fight,1
battle,1
"cause.
Guys,",1
OFC,1
cuts,1
"bruises.
Ode",1
"WSB
The",1
New,1
plan:,1
PUTS,1
MORE,1
DOWN!,1
Duh,1
"ğŸ™„
DO",1
SELL.,1
$1000,1
"week!
Quidel",1
Covid,1
testing,1
"like
Time",1
shine,1
"ğŸš€ğŸš€ğŸš€ğŸš€ğŸš€ğŸš€
DFV",1
testifying,1
"help
Remember",1
remember!,1
"ğŸš€ğŸš€ğŸš€
Well",1
HFs,1
celebrating,1
"now
With",1
"holding
Stay",1
"strong
Don't",1
fooled,1
noise!,1
there's,1
catch,1
HOLD!!,1
"ğŸ¦ğŸ’ğŸ‘ğŸ‘ğŸš€ğŸš€
Don't",1
screw,1
"squabble
Stuck",1
"hell
Fuck",1
"pessimism!
AURORA",1
CANNABIS,1
ABOUT,1
"OFF
This",1
"r/conspiracy
WSB",1
Won't,1
"L,",1
aren't,1
servants,1
"anymore.
How",1
Yellen,1
accept,1
Citadel.,1
"$700,000!",1
Can,1
"explain?
I",1
importantly,1
"DFV.
HOLD",1
"LINE
I",1
SOLD,1
HEREâ€™S,1
"WHY
THIS",1
THEY,1
"FUD
Community",1
Observation,1
"(schills,",1
"toxicity)
ATTENTION:",1
Gamestop,1
Careers,1
"anyone?
Question
Calm",1
"Tits
I",1
"HUMANS
Talk",1
"hijack?
CALM",1
DOWN.,1
GOING,1
YOURE,1
SHIT!,1
"ğŸ¤š
Letâ€™s",1
"together?
Are",1
"screwed?
Webull",1
"newbie
Im",1
kid,1
"money
WTF",1
on?,1
"DIP
Weâ€™re",1
"hedgies
You've",1
Heard,1
Sue,1
Bae,1
Are,1
Overlooking,1
E,1
Bae?,1
"(EBAY)
LETS",1
"BAG
INVESTOR'S",1
"DINNER
Our",1
greatest,1
"test
RH",1
Allows,1
Fractional,1
"GME
Goodbye",1
"WSB
I'm",1
proud,1
"everyone,",1
"BRAVO!
THERE",1
STILL,1
REAL,1
PEOPLE,1
HERE.,1
"TOGETHER!!!
RH",1
executed,1
"price?
Going",1
"dick
Boycott",1
"?
Why",1
"now?
I",1
24hours,1
"response.
The",1
meaning,1
"Hold
GME",1
"%
Dollar",1
Cost,1
Averaging,1
Unrealized,1
Term,1
"Holds
If",1
loosing,1
doubts,1
stream!,1
friends!,1
(Mods,1
"remove)
GME",1
turns,1
ONLINE,1
"SHOP?
Art",1
"war
App
What",1
(w/,1
GME),1
"money.
Just",1
"...
Squeeze
You",1
"best
APES.",1
MONKEYS.,1
"CHIMPS.
It's",1
"over.
â€œThe",1
ongoing,1
raised,1
concerns,1
broader,1
contagion.,1
While,1
pain,1
"come,",1
optimistic,1
"localized,â€",1
Barclays,1
"said.
Where",1
overnight,1
intern,1
meet-and-greet,1
â€œlikeâ€,1
"you...
DFV",1
Fund,1
Participate,1
"Now!!!
Can",1
Rule,1
203(b)(3),1
"me?
Dear",1
"WSB
If",1
shoot,1
amongst,1
"stars
The",1
Ultimate,1
"FUD
NOT",1
REMEMBER,1
"TOMORROW
How",1
"out
Fidelity",1
authenticate,1
"account
Creating",1
custodial,1
"account
Stimulus",1
checks,1
wont,1
pass,1
threat,1
"over
Why",1
holding-and,1
"to
Sweet",1
"Porn
Popeyes",1
promoting,1
"STONKS
Is",1
"sideshow,",1
shot,1
mostly,1
clones,1
"it.
Best",1
guestimate,1
"happen
What",1
donyou,1
happen,1
NOKIA,1
"earnings?
I'm",1
"HOLDING.....
How",1
hedges,1
haven't,1
"positions?
Will",1
brokers/dealers,1
forced,1
"shares?
HONG",1
KONG,1
"GME!
Other",1
stocks/full,1
"retard.
We",1
"receipt!
The",1
worst,1
"history
Riddle",1
"$GME
What",1
"squeeze?
Hold!!!!!",1
"ğŸš€ğŸš€ğŸ¦ğŸ’ğŸ™Œ
I",1
"HOPE,",1
gives,1
HOPE!,1
Let,1
hope!!,1
"ğŸ¦ğŸ¦ğŸ¦ğŸ¦ğŸ’ªğŸ’ğŸ–ğŸš€ğŸš€ğŸš€ğŸš€ğŸš€ğŸŒ
Heelppp!!
GME",1
"count
RETARDS",1
"WIN.....
You",1
keeps,1
"going
Main",1
"goal
GME",1
"matter
NIO",1
"MOON!
My",1
fortune,1
cookie,1
"tonight.
RH",1
threatening,1
ITM,1
"week!!!!!!!
GME",1
â€”>,1
"NOK
The",1
Washington,1
ğŸ˜¤,1
Theyâ€™re,1
painting,1
filth,1
somehow,1
otherâ€™s,1
throats.,1
ironic.,1
These,1
elitist,1
pigs,1
fr,1
smarter,1
ğŸ˜¡,1
WANNA,1
PROVE,1
WRONG,1
BAD!!,1
MOON!!,1
"ğŸš€ğŸ¤²ğŸ¼ğŸ’
SVF",1
Investment,1
Group.,1
"Play?
Why",1
UCLA,1
targetting,1
Depression.,1
"Depressed,",1
We're,1
"Line!
Fuck",1
douche,1
"bags.
Search",1
"platform
Citadel's",1
"Washington
Apple",1
build,1
autonomous,1
electric,1
car,1
Hyundai-Kia:,1
"report
The",1
"sellers,",1
WSB.,1
talks,1
brought,1
brink,1
extinction,1
manipulating,1
lurk,1
"shadows
How",1
AMC/GME,1
"stock?
Bleeding",1
"Holding
Tomorrow",1
weekend,1
cleared,1
"ğŸ’
Next",1
"Gamestop
What",1
4th,1
"2021
Can",1
"banners?
Coincidence?",1
"ğŸ’ğŸ™ŒğŸƒ
Just",1
loaded,1
ainâ€™t,1
Else,1
me?,1
"ğŸš€ğŸš€ğŸš€
PREPARE",1
"TRAVEL
This",1
excerpt,1
NYT,1
Article,1
u/DeepFuckingValue,1
pretty,1
"ğŸ¤¨
ğŸ‘³ğŸ½â€â™‚ï¸",1
"TTM
Well",1
done,1
"family!!!
RH",1
ruined,1
"life.
Small",1
traders,1
Vs.,1
"Funds
The",1
ship,1
sinking,1
"now
AAPL",1
"ğŸğŸš€ğŸ
FUCK",1
ROBINHOOD,1
WAIT,1
"UNINSTALL
GME's",1
"buying?
My",1
mom,1
class,1
"$100,000",1
simulation,1
"into?
Guys",1
grocery,1
bill,1
month,1
69.69.,1
"LINE!
HOLDING
Alright",1
"bitches
GME,",1
synergetic,1
"longs,",1
"delivers,",1
"reversals,",1
resetting,1
"clock,",1
"you
I",1
"autismğŸ’ğŸ¤²ğŸ’ğŸ¤²
Holding",1
"TOTO,",1
especially,1
"syndrome.
Young",1
Dumb,1
broke?,1
That's,1
"#ThanksCovid
My",1
"stocks!
For",1
lost:,1
"+18002738255
Buy",1
organicGram,1
Sundial,1
"growers
GME",1
"questions
Dem",1
"ğŸ’ğŸ¤šğŸ½
Well,",1
"happened.
We",1
fire,1
burning,1
"turning.
I",1
KID,1
"ğŸ‘ğŸ’
You",1
"idiots
Guys",1
saving,1
"asses
What",1
funny,1
ass,1
names,1
besides,1
$GAYMF,1
(Galway,1
Metals),1
$SLUT,1
(S&P,1
Gold,1
Hedged,1
"Index)
One",1
winner,1
frenzy:,1
$700,1
"million
DogeğŸš€
Hello",1
"ğŸ¦s
I",1
hidden,1
karma,1
anyways,1
"tho
SAVA",1
skyrocketing,1
moment.,1
$64.,1
$130,1
$150.,1
predicting,1
reduction,1
"dip.
U/jb4gdi",1
Game,1
"design
Not",1
"people's,",1
hold;,1
"moon
Every",1
decision,1
terrible,1
required,1
levels,1
risk.,1
BET.,1
One,1
bigger,1
"you.
I,",1
openly,1
"overlords
Were",1
3/19,1
faked,1
"post?
AMC",1
Gamestop:,1
Subidaries,1
Smoothbrain,1
"Ventures
Is",1
modern,1
"Robinhood?
BUY",1
HOLD!,1
"Rally!!!!
WSB",1
flash,1
"ğŸ¦ğŸš€ğŸš€ğŸš€ğŸ’ğŸ‘
Give",1
Double,1
"D's
What",1
"AMD?
Mod",1
"attack?
WHATEVER",1
HAPPENS,1
"HOLD
Will",1
"Tesla?
GME",1
CORPORATE,1
"ANNOUNCEMENT
The",1
r/WallStreetBets,1
National,1
"Anthem
Diamond",1
arms.,1
ğŸ’ğŸ™ŒğŸš€,1
(Not,1
"mine,",1
"friend's.)
Do",1
"fun,",1
resemble,1
"cult?
I",1
hour-long,1
youtube,1
Thing,1
"AMA!!!
XL",1
float,1
"short
Why",1
investigated,1
relates,1
â€œcultureâ€,1
vs.,1
"â€œmovementâ€
Not",1
MOONğŸš€ğŸš€ğŸš€,1
baby!,1
"AMC
Imagine",1
"this
Sushiswap",1
woooowww,1
Broken,1
ath,1
15,1
"moon
Lol",1
gotta,1
kidding,1
"article,",1
"Robinhood.
APHA",1
Shareholder,1
Vote,1
"Date?
This",1
site,1
openinsider,1
shows,1
millionaires,1
Corporate,1
wigs,1
working,1
ğŸ™ŒğŸ¾,1
galz,1
"ğŸŒš
Letâ€™s",1
count,1
READ!,1
"ğŸŒ–ğŸš€
Petite",1
smashed,1
holds!,1
Hope,1
enjoying,1
dips,1
"porn,",1
weâ€™ll,1
"then,",1
"retards!
A",1
person,1
willing,1
"teach?
DeepFuckingValue",1
congressional,1
hearing:,1
excellencies.,1
shorts.,1
Perhaps,1
seriously,1
unless,1
money.,1
stock.,1
".
The",1
cripple,1
Robinhoodâ€™s,1
business,1
model,1
enforcing,1
existing,1
"rules,",1
experts,1
"say
Time",1
"bubble?
Robinhood",1
"PR
Dear",1
"Astronauts,",1
Degenerates.,1
"request
THE",1
SMOKING,1
GUN.,1
SYNTHETIC,1
LONGS,1
BEING,1
USED,1
BY,1
HEDGIES,1
MANIPULATE,1
THEIR,1
EXPOSURE.,1
"READ
TO",1
"MOON!
Today",1
patriot.,1
Hello,1
all!,1
catching,1
win,1
BS,1
spew.,1
investments.,1
"ğŸ’ğŸ‘
MONEY",1
RECOVERY,1
"way
Leaving",1
"Robinhood
TO",1
"MOON
What",1
"buying?
When",1
ğŸš€on,1
"ğŸŒ™...
AUSSIE",1
Punting,1
(JXT.AX,1
"me)
Should",1
"AMC?
This",1
First,1
awesome,1
(B.S.,1
"Economics)
GME",1
Even,1
Without,1
"Squeeze
8.5M",1
MEMBERS.,1
"INCREDIBLE!!!
EXIT",1
"WALLSTREET
Why",1
"heat?
Check",1
"out!
All",1
baby,1
Nobody,1
"bruh
Brokerage",1
"retard
Guh
I",1
"ğŸ’ğŸ‘
Anyone",1
"$TPR
Lovin'",1
"$SPCE
Robinhood",1
squeezed,1
"ratings
UWMC",1
GME!,1
"VOLUME,",1
DEMOLISHED,1
"EARNINGS
Last",1
Reddit...,1
known,1
"now...
New",1
"Stonks,",1
useful,1
"Root,",1
Inc,1
(ROOT),1
seems,1
pattern,1
jacking,1
insurance,1
rates,1
driving,1
customers,1
stream,1
"slows?
Wallstreetbets",1
"GameStop
Bought",1
$325,1
holding!,1
Wasnâ€™t,1
counts.,1
"hands!!
Just",1
WeBull,1
"advice
Fractional",1
"Shares,",1
yes,1
"no?
Fidelity",1
"Loss
Down",1
"bad,",1
"sell
Hi",1
indonesia.,1
country,1
located,1
"map,",1
joining,1
squad.,1
STRONK.,1
"MOONğŸš€ğŸš€
Calling",1
claim,1
"man??
Allright",1
ğŸ¦ğŸ§ ,1
all.see,1
rigged.,1
tondouble,1
iur,1
ğŸ’âœ‹ğŸ’âœ‹,1
hild,1
MOMENT,1
HISTORY!,1
down!,1
"ğŸ’âœ‹ğŸ’âœ‹ğŸ¦ğŸ§ ğŸ¦ğŸ§ ğŸš€ğŸŒšğŸš€ğŸŒšğŸ¤‘ğŸ¤‘ğŸ¤‘ğŸ¤‘ğŸ¤‘ğŸ¤‘
I",1
"stocks,",1
COINCIDENCE!,1
$GME!,1
"ğŸš€ğŸš€ğŸš€ğŸš€ğŸŒ
NEWBIES;",1
here's,1
onto,1
"bought,",1
"squeeze.
Iâ€™m",1
"ğŸ¦ğŸ¦ğŸ¤²ğŸ¼ğŸ’ğŸ’ğŸ’
Iâ€™m",1
"ğŸ¦ğŸ¦ğŸ¤²ğŸ¼ğŸ’ğŸ’ğŸ’
Autist",1
jumps,1
"first!
First",1
flair.,1
"doing?
Feeing",1
"retard
Iâ€™m",1
rh,1
"good
From",1
2k,1
24k,1
measly,1
400,1
dollars.,1
UNTIL,1
GOES,1
MAKE,1
400K.,1
HOLDING,1
"ğŸš€ğŸš€
Not",1
selling....foreva,1
"eva.
Hi,",1
"ğŸ’ğŸ™Œ
The",1
matrix,1
"exposed
#STONKY",1
"ğŸ’
Dfv",1
"Jre
Say",1
"name.
Solution:",1
Suspend,1
posts,1
mention,1
7,1
bleeding,1
eyes,1
heal,1
goddamned,1
"minute
Waiting",1
"in.
Calling",1
"Musk,",1
Jeff,1
"Bezos,",1
Bill,1
Gates,1
roughly,1
"69,000,000",1
mere,1
6.9,1
billion,1
"dollars.
Go",1
ROG,1
"DD
Bravetards",1
"HOLD!
With",1
pure,1
strength,1
alone,1
spiked,1
volatility,1
Friday,1
Monday,1
14(!),1
points,1
norm;,1
ya'll,1
downtrend,1
viral,1
we're,1
"shook
All",1
ps2â€™s,1
"ğŸ¦ğŸŒ
Silver",1
Lake,1
cashes,1
$713,1
million,1
Reddit-fueled,1
"rally
WSB
About",1
Depository,1
"Company
Anyone",1
reliable,1
"app
Help
Question-",1
talked,1
tickers,1
obviously,1
top.,1
10,1
"15...
READ",1
"COMMENT,",1
HELP,1
LATE,1
BLOOMERS.,1
war!!!!!!,1
GOOOO,1
"ğŸš€ğŸš€ğŸš€ğŸš€ğŸš€ğŸŒ•
I",1
"resistance!
Posted",1
"Facebook,",1
itâ€™ll,1
eventually.,1
"ğŸ’ğŸ‘$amc
If",1
goes,1
jail,1
civil,1
"stock
ğŸ¦",1
"together
100",1
"high?
Fuck",1
encouraged,1
"ğŸ’©ğŸ˜‘ğŸ¤’ğŸ¤•ğŸ¤¢
Call",1
Hands,1
ğŸ’µğŸ™ŒğŸ’µ,1
stacks,1
Melvin's,1
cash.,1
"gain,",1
25K,1
"total,",1
THANKS,1
"WSB!!!!
I",1
weak,1
"currency,",1
6,1
247,1
deal,1
me...To,1
"Moon!!!
WSB",1
collectively,1
"selling.
Has",1
5,1
diagrams,1
"identical?
We",1
sending,1
moon?,1
"ğŸš€
Hereâ€™s",1
commemorative,1
beautiful,1
occasion.,1
"tard.
After",1
clicking,1
randomize,1
three,1
"times,",1
popped,1
up.,1
guys.,1
Keep,1
going.,1
"ğŸŒ™ğŸŒ™ğŸŒ™ğŸ’ğŸ™ŒğŸ’ğŸ™Œ
Personal",1
largest,1
single,1
SNE,1
102call,1
PYPL,1
stock;,1
completely,1
GME@220,1
"losses
Batman",1
chart,1
ğŸ™ŒğŸ’,1
Batman,1
=,1
"ğŸš€ğŸŒ•
Do",1
"Elon?
Retard",1
pro,1
"help.
Need",1
"Apes
GME",1
"position.
-60%",1
"retard.
Looks",1
holders,1
"ride!
Let's",1
Sellas,1
Life,1
Sciences,1
($SLS),1
"GME
Noobie",1
"Questions
Am",1
"maker?
Shit",1
"one
$BB",1
"ğŸš€ğŸš€
Stocks",1
Anti,1
Sugar,1
"Movement
This",1
squeeze(Mods,1
"plz)
Wall",1
tabs,1
WallStreetBets.,1
Here's,1
"how
Did",1
"porn?
new",1
"mods,",1
rules....its,1
"now
D__i0__gggggg",1
"eeeeee!!!
Short",1
PHI,1
tomorrow!!!!!,1
"money
Why",1
instead,1
billboards,1
organizations,1
global,1
"warming,",1
"pollution,",1
"hunger?
With",1
scrapping,1
"sub,",1
code,1
"mindfully
Hey",1
"r/WSB...
The",1
Step:,1
Stuff,1
"GameStop
WE",1
"STONKS!
So",1
"dead?
Something",1
beside,1
TRUE,1
YOLO!!!,1
Been,1
December...,1
Iâ€™M,1
SELLING!!!!!!!,1
till,1
death..,1
SKLZ,1
MY,1
PRIZED,1
POSSESSION!!,1
CATHIE,1
WOOD,1
"TRUST!!
How",1
Instant,1
Deposit,1
faster,1
"YOLO?!
Robinhood",1
"AMC
AMC",1
Merger?,1
Crazy,1
"Idea
Itâ€™s",1
fuckers,1
mock,1
"me.
I'm",1
sad.,1
hate,1
silver,1
"now?
Did",1
SenVest,1
700m,1
"gain?
I",1
friggin,1
"fun!
How",1
remaining,1
"GME?
$NAK",1
"day!!
How",1
monitored,1
"SEC
Wrote",1
tweet,1
"joke,",1
sees,1
"ğŸ–•
Letâ€™s",1
"Go!!!
Hear",1
out:,1
killing,1
"Robinhood?
The",1
dangerous,1
thing,1
"price
Getting",1
"ğŸ™ŒğŸ½
No",1
",",1
Mars,1
WEtards,1
"?
I'm",1
starting,1
two,1
"things
Not",1
"holding
The",1
Vs,1
"exchange?
They",1
ğŸ§»,1
ğŸ™Œ.,1
Whereâ€™s,1
literal,1
articles?,1
Me:,1
ğŸ™Œ:,1
WSB:,1
Collectively:,1
"ğŸ‘©â€ğŸš€
Petition",1
"GMEbet
Robinhood",1
trust,1
system,1
HATE,1
"it.
Getting",1
"Robinhood
Still",1
"AMC
Our",1
chance,1
"dipshits
Getting",1
"ğŸ™ŒğŸ½
It",1
fun,1
"lasted
Holding",1
up!,1
"low,",1
high.,1
"ğŸš€ğŸš€
Losing",1
Picture,1
".
Look",1
"account
40k",1
600,1
"days
Mum",1
banned,1
visiting,1
hospitals,1
pictures,1
â€™emptyâ€™,1
"wards
BUY",1
ORMP,1
FELLOW,1
AUTISTS...,1
ORAL,1
INSULIN!!!,1
HALF,1
U,1
FAT,1
DIABETIC,1
DEGENERATES,1
NEED,1
PUT,1
UR,1
MONEY,1
IT...,1
FREE,1
"MONEY!!!!!!!
New",1
"Trading
What",1
diversified,1
"portfolio?
Help",1
Im,1
normal,1
married,1
fuxk,1
horny,1
whales,1
ill,1
you!!,1
#stock,1
#amc,1
#Auroracannabis,1
Dont,1
"answer
Paper",1
"hands
Where",1
"shares?
Not",1
"advice,",1
"comparison.
Cross",1
rStocks.,1
Current,1
Future,1
State,1
"HOLD!
citÂ·aÂ·del",1
"/ËˆsidÉ™dl,ËˆsidÉ™ËŒdel/",1
noun,1
"fortress,",1
typically,1
"ground,",1
protecting,1
dominating,1
"city.
Posting",1
screens.,1
KNOW,1
"holding.
Is",1
"moon?
Did",1
partly,1
"loss?
FTOCU",1
merging,1
"Payoneer
Robinhood",1
Superbowl,1
"""We",1
"investors.""",1
Unless,1
"stock,",1
lock,1
out.,1
"ğŸˆğŸš€ğŸš€ğŸš€
Little",1
ğŸ’ğŸ¤šğŸ¼ğŸ’,1
"ğŸš€ğŸš€
Real",1
Questions,1
"AMC
GameStop",1
Digital,1
Farm,1
Animals,1
x,1
King,1
"Bach
SPCE",1
"gainz
I",1
"FDs
The",1
U.S.,1
boom,1
"played.
Robinhood's",1
user,1
agreement,1
"user,",1
agreed,1
terms.,1
material,1
"harm?
A",1
inside,1
office,1
"Capital
If",1
wrong,1
forum,1
"go
GME",1
Open,1
"Interest.
Where",1
"information?
These",1
one-star,1
pounding,1
sand.,1
Last,1
ditch,1
effort,1
reel,1
"back.
AMC",1
doesn't,1
add,1
"up,",1
"strong...
When",1
researching,1
verify,1
integrity,1
"author.
How",1
pot,1
"stocks?
Silver",1
play:,1
Comstock,1
Mining,1
LODE,1
anyone?,1
Huge,1
volume,1
"week
The",1
writing,1
mental,1
health,1
declined,1
"(FAST)
RH",1
meme,1
"baad
If",1
Hits,1
$3000,1
"ass
Founder",1
Twitter,1
Jack,1
Dorsey,1
"ğŸ™ŒğŸ»
What",1
happens,1
buyers,1
higher,1
"prices?
Stocks",1
"about!!!
LETâ€™S",1
"GO,",1
ITâ€™S,1
HONOR,1
"ğŸ’ğŸ™ŒğŸš€
$BNGO",1
"$NNDM
Wheres",1
Robin,1
"lawsuit?
How",1
outsmart,1
automatically,1
tracking,1
mentions,1
"stock
BUY",1
DOGECOIN,1
"2/4
Friendly",1
reminder:,1
FINANCIAL,1
LOSSES,1
WORTH,1
YOUR,1
"LIFE
GME",1
"AMC?
Can",1
average,1
intelligence,1
pressure,1
"up.
WallStreet",1
tab,1
us.,1
*wink,1
wink*,1
"guy
Hey",1
wanna,1
"too,",1
heard,1
mustn't,1
"stocks
Just",1
reminder,1
"are
You",1
"selling.
GME",1
expired,1
educate,1
"me?
$PSEC:",1
Autistic,1
"Play
Panda",1
Express,1
us!,1
"inğŸš€ğŸš€ğŸš€ğŸš€ğŸš€ğŸš€
Amc",1
"ğŸš€
SEC",1
complaint,1
verbiage,1
"contact
The",1
hundreds,1
"HARDER
Still",1
"moon
Iâ€™m",1
moron,1
wants,1
"options,",1
learning,1
"them?
DFV",1
"information
UWMC",1
huge,1
Coming,1
fantastic,1
"earnings,",1
30%,1
"margin,",1
all.,1
Only,1
"float.
NEXT",1
SQUEEZE?!!!,1
TIMBER,1
PHARMACEUTICALS,1
STOCKS,1
TRADING,1
$1.30,1
LOOK,1
1YR,1
5YR,1
"CHART
Is",1
"Murray'd?
Whoâ€™s",1
$320,1
rocking,1
delicious,1
-70%,1
invisible,1
hit,1
chest?,1
"bell,",1
"baby.
Another",1
Roaring,1
"20s?
Packaging",1
Bier,1
couldnâ€™t,1
not!,1
drinking,1
"ğŸ’ğŸ‘ğŸ»ğŸš€ğŸŒ•
For",1
encouragement,1
"peak..
Counterfeit",1
Shares,1
Doing,1
RIGHT,1
"NOW
Just",1
hypothetical,1
"Q
Value",1
"perception,",1
"tag.
Doing",1
safe,1
#HOLDorBUY,1
"ğŸ’ğŸ‘ğŸ¼
VW",1
similar,1
"trip,",1
If,1
cock,1
glory?,1
Of,1
course,1
"holding
Buy",1
"NAKD
What",1
day-trading,1
apps,1
"influenced/controlled?
Im",1
fuck.,1
"familiar?
JUST",1
WILL,1
"!
YOU",1
UP,1
"RH...
Did",1
drop?,1
"did,",1
"bet.
I",1
sold...,1
"BUT!
Fellas",1
"outğŸ˜¼...ğŸ’ğŸš€ğŸ’ğŸš€ğŸš€ğŸš€
Not",1
even,1
brained,1
read,1
"Dogshit
SNDL
HODOR.",1
Bought,1
exiting.,1
"ğŸš€ğŸš€ğŸš€ğŸ’ğŸ‘
Ready",1
bitch,1
"ground!
Completely",1
neutral,1
"$GME
Etrade,",1
"InteractiveBrokers,",1
maybe,1
more?,1
Can't,1
connect,1
customer,1
"service
What",1
SNDL.,1
Pot,1
"legal
Chargepoint",1
Merger,1
"breakout
Retard",1
"ğŸ’ğŸ’ğŸ’
Get",1
calculated,1
freaked,1
"squoze
Letâ€™s",1
flood,1
dick,1
pics,1
couple,1
"days.
I'm",1
Having,1
Great,1
"Time
LODE
Robinhood",1
deactivated,1
"$13,000",1
left,1
it!,1
"fuck?
$TRUFF",1
$TRIP,1
excuse,1
budget,1
drawing,1
ğŸ¤¦ğŸ¼â€â™‚ï¸,1
"real!!ğŸš€
Hereâ€™s",1
Most,1
expensive,1
FU,1
Iâ€™ve,1
purchased.,1
"sell.
Read",1
"book
It's",1
scary,1
loved,1
largely,1
unknown,1
explode,1
8+,1
Million,1
"users
Not",1
letting,1
who's,1
"holding?
Are",1
$amc??,1
(be,1
"honest,",1
you'd,1
"like!)
Losing",1
train?,1
"lament.
ROBINHOOD",1
REDUCING,1
LIMITS.,1
"BEGINNING!!!
IAMACADEMY??
Short",1
up?,1
"stock
Does",1
scared?,1
More,1
"intimidation?
My",1
holdings,1
$Nok,1
$Gme,1
$Bb,1
$Amc.,1
modifications,1
make?,1
Basically,1
"stocks.
Robinhood",1
allowing,1
purchases,1
5500,1
"AMC!
Blackberry",1
(BB),1
"again??
$GME",1
MAJOR,1
asset,1
overlooked...The,1
Geist,1
"Squeeze
Here's",1
YOLO.,1
Over,1
ta,1
bust,1
move!,1
Inflection,1
arrived,1
"MICROVISION
Can",1
13$,1
"amc
Its",1
greater,1
"good
Stonks!!!
Robinhood",1
(f*ck,1
them),1
ease,1
"tomorrow
Which",1
"get?
RYCEY",1
"DISCUSSION
I",1
GUESS,1
HANGMAN,1
PAGE,1
(AEW,1
WRESTLER,1
TNT),1
DIDN'T,1
"ğŸ’âœ‹!!!
Who",1
playing,1
movie,1
theater,1
"moon
CashApp",1
"today
Got",1
Yahoo,1
"this.
AMC",1
Place,1
sale,1
"?
A",1
pole,1
worker,1
dated,1
used,1
repeating,1
8s,1
angel,1
numbers,1
abundance,1
way.,1
80,1
"GMEğŸ’ğŸ¤šğŸš€ğŸš€ğŸš€ğŸš€
A",1
asking,1
hopes,1
"tendies
HI",1
"answer
Melvin",1
watch,1
"dogs
Sad",1
Day,1
Retail,1
"Traders
Did",1
"down?
Never",1
now.,1
50%,1
DONâ€™T,1
"LINE
The",1
"journey.
HELP",1
FEARED,1
APE,1
(ONE,1
MANY,1
"PROBABLY)
Any",1
speculation,1
future,1
increasing,1
"GME?
I",1
whats,1
"mission
My",1
crusade:,1
"reflection
Lost",1
covid,1
happened.,1
"But,",1
riding,1
wave,1
"dumbs.
What",1
"platforms?
WOAH",1
angling,1
COVID,1
play?!,1
ğŸš€ğŸš€ğŸš€ğŸ‘¨â€ğŸš€,1
"ğŸš€ğŸš€ğŸš€ğŸš€ğŸ¤‘ğŸ¤‘
Robinhood",1
"AMC
Needing",1
destroying,1
brokerage,1
"company?
SAVA",1
"ğŸš€ğŸ™ŒğŸ½
GME",1
"analysis
Tweet",1
Mark,1
Cuban,1
choose,1
to.,1
Bills,1
does.,1
Get,1
later,1
Words,1
wisdom,1
"indeed
Finally",1
accurate,1
headline:,1
â€œBUY,1
"DIP!â€
Why",1
Healthier,1
choices,1
booming,1
scheduled,1
"26th!
GoPro",1
yolo,1
75,1
contracts,1
GPRO,1
"5
Am",1
"ğŸš€
The",1
"Short,",1
"""Fucking",1
Dance,1
"About""
I",1
Run,1
Public,1
Company.,1
Sellers,1
Attacked,1
Us,1
Years,1
Ago.,1
Hereâ€™s,1
Stand,1
With,1
Redditâ€™s,1
"WallStreetBets.
After",1
WATT,1
"next?
This",1
"depressing
All",1
inned,1
$327,1
(10K,1
USD),1
opened,1
margins,1
"ğŸ™Œ
LAWSUITS",1
PURRING,1
@MASS,1
MUTUAL,1
FIRST.,1
OH,1
"WAIT,",1
"ROBIN-U-INTHE-HOOD?
Got",1
(sticky),1
"floor
Letâ€™s",1
Tesoro,1
"Enterprises,",1
(TSNP),1
performance,1
beginning!,1
"ğŸš€
When",1
community,1
gambling,1
wanted,1
messageğŸ’ğŸ™ŒğŸ¿,1
"advisor?ğŸ¦
THIS",1
"IN
ğŸ’ğŸ™ŒğŸ»",1
realize,1
nasty,1
players,1
cornered,1
"ğŸ¦ğŸš€
ROBINHOOD",1
SHARE,1
LIMIT,1
INCREASED,1
"TOMORROW
BabağŸš€ğŸš€
A",1
quick,1
recap,1
"ğŸ‡¨ğŸ‡¦ğŸapes,",1
tutorial,1
(without,1
paying,1
large,1
fees)and,1
Brokers,1
loan,1
grip.,1
Norberts,1
Gambit.,1
eh.,1
GM$E,1
"ğŸŒ™
Holding",1
Itâ€™s,1
sell!,1
ğŸ’ğŸ‘ğŸš€,1
Gonna,1
"tomorrow!
6kâ€”65k",1
monthğŸš€ğŸš€ğŸš€,1
girlfriend,1
tit,1
donate,1
homeless,1
"charity?
NIO",1
"Yolo
From",1
flink,1
MÃ©xico,1
"hold
Seems",1
brainer,1
me.,1
"$200,000",1
morning,1
7:00am,1
pre,1
"market.
Institutions",1
ğŸ’ğŸ–ing,1
shares!,1
Less,1
20000,1
$200.,1
(Source:,1
"Marketbeat)
Might",1
boomer,1
father,1
game.,1
Lost,1
09,1
"street.
Holding...please",1
"post
CITADEL",1
PAYS,1
$22.6,1
MIL,1
SETTLE,1
CHARGES,1
MISLEADING,1
CUSTOMERS,1
(already,1
2017).,1
Nothing,1
changed!,1
anything,1
harm,1
"Citadel.
THESE",1
GONNA,1
"PRINT,",1
RIGHT?!,1
"ğŸš€ğŸŒ•ğŸš€ğŸŒ•ğŸ’ğŸ™ğŸ½ğŸ’ğŸ™ğŸ½
GME",1
hodling,1
ape.,1
bitch.,1
RC,1
fukin,1
"legends
Thankfully",1
$11k,1
~>,1
$75,1
"use.
PEP",1
TALK,1
TIME.,1
â€œIâ€™m,1
sound,1
cocky,1
"myself,",1
Kenny,1
Powers,1
sneaking,1
suspicion,1
comes,1
"way,",1
Because,1
thatâ€™s,1
works,1
sometimes.â€,1
GOOOOO,1
"TOMORROWğŸš€ğŸš€ğŸš€ğŸš€ğŸš€ğŸ’¥
My",1
SAVA,1
gainz,1
"ğŸš€
Miss",1
sometime!,1
"HOOOLLLDD
Hedge",1
shaking,1
doc,1
martens!!,1
"ğŸ’+ğŸ‘=ğŸŒğŸŒğŸŒğŸŒğŸš€ğŸš€ğŸš€
A",1
rational,1
(and,1
bullish),1
state,1
"gang
How",1
started,1
"going
A",1
poem,1
"bold
Next",1
"Wed,",1
7:30pm,1
EST,1
him,1
cry,1
squoze,1
institutional,1
owned,1
balls,1
albeit,1
efforts,1
"monkes
Building",1
autist,1
"museum,",1
Tendiearchive.com,1
"RememberTheTendies.com
RobinHood",1
WallStreetBets:,1
audio,1
"comments)
Obvious",1
slander,1
"obvious
My",1
Gevo,1
Gains.,1
60,1
far,1
"futureğŸ’ğŸ™ŒğŸŒ½ğŸŒ½ğŸŒ½ğŸš€ğŸš€ğŸš€
I",1
decided,1
yesterday,1
"ğŸ’ğŸ™ŒğŸš€ğŸš€ğŸš€ğŸš€
They",1
"shares!
RH",1
eases,1
"GME
Why",1
corsair,1
(CRSR),1
short\long,1
"!!
Reasons",1
"selling
Even",1
released,1
Phase,1
"data,",1
woke,1
royally,1
fucked.,1
"ğŸ’ğŸ™ŒğŸš€ğŸš€ğŸš€ğŸš€ğŸš€ğŸš€ğŸš€
WallStreetBets",1
ETF,1
"ğŸ’ğŸ™ŒğŸ»ğŸš€
Why",1
$SQ,1
crush,1
(Earnings,1
"02/23)
The",1
violate,1
principles,1
b/c,1
movement,1
standing,1
for.,1
forever.,1
anyway.,1
Someone,1
bag,1
holder,1
guess.,1
"ğŸ’âœ‹
Thanks",1
avg,1
"ğŸ’ğŸ™Œ
Gme;",1
"softer
Merger",1
Arbitrage,1
Aphria,1
Tilray.,1
Tendies?,1
What's,1
catch?,1
Cannabis,1
($APHA,1
$TLRY),1
"ğŸš€ğŸš€ğŸš€ğŸš€
Letâ€™s",1
face,1
"it.
To",1
"worrying,",1
worrying,1
"motivation.
GME",1
Investors,1
Work,1
Overtime,1
"ğŸ™ŒğŸ’
YOLOd",1
savings.,1
"holding.
GME",1
"ğŸ’ğŸ‘‹ğŸ¼s
Another",1
Hedgie,1
profits..,1
"https://www.marketwatch.com/story/one-big-winner-in-the-gamestop-frenzy-this-hedge-fund-that-made-700-million-11612395589?link=MW_latest_news
Hope",1
explains,1
bit.,1
"ğŸš€ğŸš€ğŸš€ğŸ™ŒğŸ’
$AMC",1
"ğŸ™Œ
Gain",1
"24k%
When",1
"again?
As",1
wine,1
aunt,1
needed,1
CNN/MSNBC,1
reason,1
hurting,1
retirees,1
"pensions,",1
promote,1
white,1
power,1
dog,1
"whistle.
Holing",1
Recouped,1
$2000,1
"calls.
Some",1
sit,1
"think,",1
write,1
upon,1
walls,1
well,1
fart,1
lousy,1
"ğŸ’ğŸ‘ŠğŸš€
Ridiculous.",1
FAKE,1
NEWS,1
WING,1
MEDIA,1
saying,1
EVIL,1
FUNDS,1
crusade,1
them.,1
idiots.,1
bankrupted,1
CROOKED,1
trick,1
LIKE,1
STOCK,1
"ğŸ‘ğŸ’ğŸš€ğŸš€ğŸš€ğŸš€ğŸš€ğŸŒšğŸŒšğŸ¦ğŸ¦ğŸ¦
i",1
"hedging?
Putting",1
forward,1
"$GME.
F",1
"earnings
We",1
Like,1
Stock!,1
"Hold!
That",1
though....,1
"ğŸ™ŒğŸ’
Turned",1
10k,1
34k,1
Friday.,1
Sold,1
357,1
alpha,1
"chad.
Small",1
in!!,1
"needed,",1
idgaf,1
ğŸ’ğŸ™Œ,1
"ğŸš€ğŸš€ğŸš€ğŸš€ğŸš€ğŸš€
BARKBOX",1
merger,1
confirmed,1
mid,1
April,1
Joanna,1
Cole,1
(STIC,1
CEO),1
SPACInsider,1
"webinar
Canoo",1
"(GOEV)
25k",1
"$HUYA,",1
far.,1
":)
DD",1
GREEK,1
SYMBOLS,1
"Paper
moderna",1
13ğŸ¥³.,1
these.,1
"them
Senvest",1
Management,1
LLC,1
"GameStop
SERIOUS",1
GREEKS,1
"Paper
They",1
"guys....
Mods",1
proposal:,1
gifs,1
AH,1
"threads
So",1
wrapping,1
"investigation...
Closed",1
final,1
"week
SPCE",1
flights,1
takeoff,1
"ğŸš€
AMC,",1
"GME,BB,",1
next?,1
expect?,1
ğŸ™ŒğŸ»ğŸ’,1
ğŸš€ğŸš€,1
"picture,",1
"BS
AMC",1
EVERYONE,1
FANTASTIC,1
"DAY
Loss",1
Porn,1
"dips
Wtf",1
"ğŸ˜‚ğŸ˜†
I",1
Love,1
"Community,",1
There's,1
Something,1
Really,1
Important,1
"Said
Hey",1
"SEC,",1
saw,1
headlines:,1
"manipulators?
Congratulations",1
ability,1
"GIFs,",1
custom,1
"emojis,",1
HD,1
"videos,",1
earn,1
hero,1
"badge!
Itâ€™s",1
sell-,1
grandchildren,1
"me.
6k",1
"ğŸ™ŒğŸ’
Buy",1
calls.,1
Repeat.,1
Forever!,1
"AMCğŸš€ğŸš€
Barstools",1
700,1
thousand,1
"today
In",1
Case,1
There,1
Was,1
Doubt.,1
At,1
Much,1
Appreciate,1
Fucked,1
Little,1
Guys.,1
$3.4bn,1
NEW,1
"Financing.
Which",1
"this?
My",1
"pissed
Wanted",1
couldnt,1
cuz,1
robinfuckhood,1
limited,1
(how,1
sense??),1
-89%,1
Monday.,1
"baby!!!!
Personal",1
Risk,1
"Tolerance
6k",1
ğŸ§ ğŸ¦ğŸ’âœ‹ğŸ’âœ‹ğŸ’âœ‹ğŸ’âœ‹ğŸ’âœ‹,1
hopefully,1
ready,1
gme.,1
ğŸš€ğŸŒšğŸš€ğŸŒšğŸš€ğŸŒšğŸ¤‘ğŸ¤‘ğŸ¤‘ğŸ¤‘,1
"tomorrow.
Idk",1
"man,",1
Falcon,1
9,1
"booster...
My",1
stake,1
impressive,1
wear,1
losses,1
pride...,1
SELLING!!,1
okay,1
50k,1
350k,1
93k.,1
"flinching,",1
lets,1
"go.
Losses",1
Bagholding,1
Robinhood:,1
"Retrospective
I",1
blame,1
squeezing,1
"GME
The",1
"ğŸš€ğŸš€ğŸš€ğŸš€
GME",1
Porn.,1
40,1
"307
Congrats",1
$GOEV,1
holders.,1
"else,",1
missed,1
impossible,1
"now.
Is",1
statistical,1
case,1
"moment?
Slow",1
"down
Are",1
gaslighting,1
"now?
Total",1
Noob.,1
months.,1
helps,1
"bills.
Just",1
pit,1
"moonğŸš€ğŸš€ğŸ’ğŸ™Œ
GME",1
gainz.,1
Disclaimer,1
"advisor.
Glad",1
pulled,1
40k,1
"down.
Am",1
"right?
Thinking",1
....I,1
monies,1
".
My",1
palms,1
"sweaty
I'm",1
SPCE,1
sheer,1
flooded,1
subs,1
decent,1
argument,1
somebody,1
running,1
"scared.
$GME",1
past,1
"month.
We're",1
sticking,1
fund.,1
bank,1
$300+.,1
Just,1
"can.
Is",1
ratard,1
"autist?
No",1
here!,1
HOLD!!!,1
"ğŸš€ğŸ’âœ‹ğŸ»
Feel",1
"post,",1
"cry.
Can't",1
wait,1
congress,1
spit,1
cannabis.,1
"$SNDL
Have",1
"others,",1
"yet
I",1
someone's,1
smoke,1
"moon.
More",1
hyenas.,1
acct,1
post-RH,1
isnâ€™t,1
enough,1
"post.
Holding",1
Apes!,1
"ğŸš€ğŸ’ğŸš€ğŸ’ğŸš€ğŸ’ğŸš€ğŸ’ğŸš€ğŸ’ğŸš€ğŸ’ğŸš€ğŸ’ğŸš€ğŸ’ğŸš€ğŸ’ğŸš€ğŸ’ğŸš€ğŸ’ğŸš€ğŸ’ğŸš€ğŸ’ğŸš€ğŸ’ğŸš€ğŸ’ğŸš€ğŸ’ğŸš€ğŸ’ğŸš€ğŸ’ğŸš€ğŸ’ğŸš€ğŸ’ğŸš€ğŸ’ğŸš€ğŸ’ğŸš€ğŸ’ğŸš€ğŸ’
13k",1
gone,1
"run,",1
recover,1
BABA,1
"better?
Nokia",1
[2021-02-03],1
Interim,1
â€“,1
Wife,1
Divorcing,1
"Me
Puny",1
"hedgefund
Meanwhile",1
headquarters,1
during,1
"interrogations....
The",1
anatomy,1
Escalator,1
Omega,1
Overflow,1
attack,1
GMEâ€™s,1
"$2,147,483,737
I'm",1
"ğŸ’ğŸ¤š
New",1
Horizons,1
"Future
Just",1
"ğŸ’ğŸ™ŒğŸš€ğŸš€ğŸš€
AAPL",1
Calls.,1
"ğŸš€ğŸš€
Deliveroo",1
secures,1
$180m,1
funding,1
prepares,1
IPO,1
Deliveroo,1
"Guardian
I'm",1
"holding
Robinhood",1
"CEO,",1
regulators,1
House,1
"frenzy
Holding",1
"NZ.
AMRS",1
Gains,1
Update,1
Pt.,1
"ğŸš€ğŸ’°
Regshi",1
"3rd
I",1
myself.,1
eat,1
crayons,1
choices.,1
"advice.
Finally",1
"tomorrow!
$ATVI",1
"bell
MSM",1
â€œfizzledâ€,1
sucking,1
tard,1
didnt,1
memoğŸ¤ªRide,1
die,1
"ğŸ’ğŸ™ŒğŸ’ğŸš€ğŸš€
Spy",1
Bear,1
"gain
Guess",1
WSJ,1
corrected,1
misquoted,1
"week.
DD",1
"$TSM,",1
Semiconductor,1
"Shortage.
Finally",1
seeing,1
again.,1
"ğŸ’ğŸ™ŒğŸš€ğŸŒ™
u/DeepFuckingValue",1
asked,1
upcoming,1
hearing.,1
"""Diamond",1
enter,1
Congressional,1
"Record""
Please",1
fight,1
careful,1
"!!
I",1
Blackberries,1
Games,1
lick,1
"windows
You",1
enjoy,1
xQc,1
Shroud,1
Ninja,1
TheStockGuy?,1
live,1
streaming,1
bright,1
future?,1
Read,1
"$HUYA
Ethical/Legal",1
"Update
$GME",1
Volume,1
"Charts
GME",1
"Staffed,",1
Out,1
Spending,1
"Tendies
The",1
adamantly,1
false,1
information,1
beloved,1
â€œmemeâ€,1
stocks...,1
"thing.
GME:",1
Looking,1
"Data!
ARISE!",1
ARISE,1
RIDERS,1
COHEN!!!,1
WallStreetBets,1
World:,1
Audio,1
"Comments)
Loss",1
porn-,1
7k,1
Going,1
ğŸš€ğŸš€ğŸš€ğŸš€.for,1
payment,1
home,1
dad.,1
licking,1
nuts,1
year.,1
freedom,1
father-in-lawâ€™s,1
thumb.,1
That,1
worth,1
"anything!
DFV",1
hurt,1
"guys
CHAMATH",1
HAS,1
"SPOKEN
US",1
Marijuana,1
Legalization:,1
"catalyst
Looks",1
CNBC,1
pushing,1
news!!!,1
12/4,1
posted,1
Facebook,1
page,1
morning!,1
"ğŸš€ğŸš€ğŸš€ğŸŒ•ğŸ’ğŸ–
How",1
thinks,1
"happened:
All",1
complaining,1
paid,1
"party
I",1
"bell
I'm",1
"ğŸ¦ğŸ¤ğŸ’ª
Hey",1
"forum..
WSB",1
Control,1
"Room
Don't",1
margin,1
"hands
GME",1
Update:,1
143,1
total,1
ğŸ¦ğŸ’,1
"ğŸ™ŒğŸ¥³
@SEC",1
enforces,1
"illegal,",1
futures,1
protect,1
"1,000",1
makers,1
cent,1
"worth,",1
bankrupt,1
possibly,1
collapse,1
"actionsâ€
Still",1
HOLDING!,1
WITH,1
"ME???
Just",1
cashed,1
pathetic,1
mutual,1
beats,1
rockets!!,1
interrogates,1
"(2021,",1
"colorized)
3D",1
Printer,1
GO,1
"BRRRRRRRRR!
SOMEONE",1
KNOWS,1
HOW,1
DIPS,1
"420,000
The",1
Economist,1
throwing,1
"shade
Some",1
eating,1
